record_id,data_set_name,organization_name,main_phone_number,street_address,city,state_or_territory,zip_code,non_english_assistance_offered,organization_acronym,office_hours,toll_free_phone,tty_phone,language_line_phone_for_non_english_speakers,location_name,website_url,additional_information,accessibility_service_offered,geo_location,email_address,display,display_address,address_comment
521,Certified Application Counselor (CAC),Access Family Care,4176781260,1810 Carnation Drive,Aurora,MO,65605,English,Mt. Vernon,"Tue: 8:00 AM - 5:00 PM
Thu: 8:00 AM - 5:00 PM",,,,Access Family Care Medical Clinic Aurora,,,,"(36.96121,-93.71829)",info@accessfamilycare.org,TRUE,TRUE,
13121,Certified Application Counselor (CAC),Bighorn Valley Health Center,4066654103,10 West 4th Street,Hardin,MT,59034,English,BVHC,"Mon: 8:00 AM - 5:00 PM
Tue: 8:00 AM - 8:00 PM
Wed: 8:00 AM - 8:00 PM
Thu: 8:00 AM - 8:00 PM
Fri: 8:00 AM - 5:00 PM
Sat: 10:00 AM - 2:00 PM",,,,Bighorn Valley Health Center,https://www.chcfamily.org/,,,"(45.73229,-107.60746)",info@bighornvalley.org,TRUE,TRUE,
18063,Certified Application Counselor (CAC),Cabarrus Rowan Community Health Centers,7047922260,308 E Centerview St,China Grove,NC,28023,"Spanish, English",CRCHC,Thu: 8:30 AM - 5:00 PM,,,,China Grove Family Medicine,http://www.crchc.org,,,"(35.56872,-80.58011)",avargas@CRCHC.org,TRUE,TRUE,
18613,Certified Application Counselor (CAC),Capstone Health,2056865113,5947 Highway 269,Parrish,AL,35580,"English, Spanish, American Sign Language, Arabic, Cantonese, Interpretation services available for other languages, Polish, Persian, Greek, German, French Creole, Portuguese, Gujarati, Hindi, Italian, Japanese, Korean, French, Mandarin, Vietnamese, Urdu, Russian, Tagalog",CRHC,"Mon: 8:00 AM - 5:00 PM
Tue: 8:00 AM - 5:00 PM
Wed: 8:00 AM - 5:00 PM
Thu: 8:00 AM - 5:00 PM",,,,Capstone Rural Health Center,,"Capstone Rural Health Center has multiple locations, in Walker County and Winston County, to better serve our patients, community, and public. There are Certified Application Counselors available at all locations. Contact us to Schedule an Appointment.","Homeless, LGBT, Low-income, Unemployed, Young adults/students, Mental health, Seniors, Deaf/hearing impaired, Ex-offenders, HIV/AIDS, Substance abuse","(33.74849,-87.27297)",outreach@capstoneclinic.org,TRUE,TRUE,
18613,Medicaid Specialist,Capstone Health,2056865113,5947 Highway 269,Parrish,AL,35580,"English, Spanish, American Sign Language, Arabic, Cantonese, Interpretation services available for other languages, Polish, Persian, Greek, German, French Creole, Portuguese, Gujarati, Hindi, Italian, Japanese, Korean, French, Mandarin, Vietnamese, Urdu, Russian, Tagalog",CRHC,"Mon: 8:00 AM - 5:00 PM
Tue: 8:00 AM - 5:00 PM
Wed: 8:00 AM - 5:00 PM
Thu: 8:00 AM - 5:00 PM",,,,Capstone Rural Health Center,,"Capstone Rural Health Center has multiple locations, in Walker County and Winston County, to better serve our patients, community, and public. There are Certified Application Counselors available at all locations. Contact us to Schedule an Appointment.","Homeless, LGBT, Low-income, Unemployed, Young adults/students, Mental health, Seniors, Deaf/hearing impaired, Ex-offenders, HIV/AIDS, Substance abuse","(33.74849,-87.27297)",outreach@capstoneclinic.org,TRUE,TRUE,
28220,Certified Application Counselor (CAC),Community Action Corporation of South Texas,3616641417,"700 N. Flournoy Suite 2A
STE 2A",Alice,TX,78332,"English, Interpretation services available for other languages",CACOST,"Mon: 8:00 AM - 6:00 PM
Tue: 8:00 AM - 6:00 PM
Wed: 8:00 AM - 6:00 PM
Thu: 8:00 AM - 6:00 PM
Fri: 8:00 AM - 5:00 PM
Sat: 8:00 AM - 12:00 PM",,,,Community Action Health Center- Alice,,,,"(27.75841,-98.05194)",nelissa.ortiz@cacost.org,TRUE,TRUE,
43713,Certified Application Counselor (CAC),"East Central Missouri Behavioral Health Services, Inc.",5735821234,340 Kelley Parkway,Mexico,MO,65265,"English, Interpretation services available for other languages","ECMBHS, INC","Mon: 8:00 AM - 5:00 PM
Tue: 8:00 AM - 5:00 PM
Wed: 8:00 AM - 5:00 PM
Thu: 8:00 AM - 5:00 PM
Fri: 8:00 AM - 4:00 PM",,,,Arthur Center Community Health,http://www.arthurcenter.com,,"Low-income, Young adults/students, Ex-offenders, Homeless, Mental health, Unemployed, Substance abuse, Seniors","(39.15228,-91.88397)",health@arthurcenter.com,TRUE,TRUE,
43791,Certified Application Counselor (CAC),"East Texas Community Health Services, Inc.",9365605668,1309 South University Drive,Nacogdoches,TX,75961,"English, Spanish",ETCHS,"Mon: 8:00 AM - 5:00 PM
Tue: 8:00 AM - 5:00 PM
Wed: 8:00 AM - 5:00 PM
Thu: 8:00 AM - 5:00 PM
Fri: 8:00 AM - 5:00 PM",,,,"East Texas Community Health Services, Inc.",http://www.etchc.com,,,"(31.58723,-94.64716)",CAC@etchc.com,TRUE,TRUE,
118333,Certified Application Counselor (CAC),North Country HealthCare,9282136100,22585 W Oak Street,Seligman,AZ,86337,,NCHC,"Tue: 8:00 AM - 5:00 PM
Thu: 8:00 AM - 5:00 PM",,,,North Country Healthcare Seligman,http://www.northcountryhealthcare.org,,,"(35.32767,-112.87744)",Healthbenefits@nchcaz.org,TRUE,TRUE,
89010,Certified Application Counselor (CAC),"Eligibility Screening Services, LLC",5743727818,2101 E Dubois Dr,Warsaw,IN,46580,English,AR,"Mon: 8:00 AM - 4:00 PM
Tue: 8:00 AM - 4:00 PM
Wed: 8:00 AM - 4:00 PM
Thu: 8:00 AM - 4:00 PM
Fri: 8:00 AM - 4:00 PM",8003531380,,,Lutheran Kosciusko Hospital,http://www.essconnection.com,,,"(41.24655,-85.82555)",esscontact@chs.net,TRUE,TRUE,
803339,Navigator (NAV),Community HealthCare Association of the Dakotas,6058474484,709 4th Street SE,Lake Preston,SD,57249,"English, Interpretation services available for other languages",CHAD,"Mon: 8:00 AM - 5:00 PM
Tue: 8:00 AM - 5:00 PM
Wed: 8:00 AM - 2:00 PM
Thu: 8:00 AM - 5:00 PM
Fri: 8:00 AM - 4:00 PM",,,,Lake Preston Community Health Center,http://www.getcoveredsouthdakota.org/,STATEWIDE ASSISTANCE IS AVAILABLE. Visit getcoveredsouthdakota.org to schedule an appointment.,,"(44.35765,-97.3676)",klongville@horizonhealthcare.org,TRUE,TRUE,
113785,Certified Application Counselor (CAC),Mountain Park Health Center,6022437277,6601 W. Thomas Road,Phoenix,AZ,85033,,BRANDY SEGURA,"Mon: 8:00 AM - 5:00 PM
Tue: 8:00 AM - 5:00 PM
Wed: 8:00 AM - 5:00 PM
Thu: 8:00 AM - 5:00 PM
Fri: 8:00 AM - 5:00 PM",,,,Mountain Park Health Center,http://www.mountainparkhealth.org,,,"(33.48006,-112.20117)",bsegura@mphc-az.org,TRUE,TRUE,
116534,Certified Application Counselor (CAC),Neighborhood Health,2604582641,1717 S. Calhoun Street,Fort Wayne,IN,46802,"English, Spanish, Interpretation services available for other languages",NHCI,"Mon: 8:00 AM - 12:00 PM
Mon: 1:00 AM - 5:00 PM
Tue: 8:00 AM - 12:00 PM
Tue: 1:00 AM - 5:00 PM
Wed: 8:00 AM - 7:00 PM
Thu: 8:00 AM - 12:00 PM
Thu: 1:00 PM - 5:00 PM
Fri: 8:00 AM - 12:30 PM
Fri: 1:00 PM - 5:00 PM",,,,Neighborhood Health,,Our Enrollment Center is located on the 1st floor of the clinic. Please call to make an appointment. Walk-in clients and patients are seen on a limited basis,,"(41.06989,-85.13782)",ecraker@nhci.org,TRUE,TRUE,
118537,Certified Application Counselor (CAC),Northwest Health Services,8162449610,1515 St. Joseph Avenue,St. Joseph,MO,645052631,,NWHS,"Mon: 8:00 AM - 5:00 PM
Tue: 8:00 AM - 5:00 PM
Wed: 8:00 AM - 5:00 PM
Thu: 8:00 AM - 5:00 PM
Fri: 8:00 AM - 5:00 PM",,,,North End Health Center,http://nwhealth-services.org,,,"(39.77741,-94.85529)",tylergraff@nwhealth-services.org,TRUE,TRUE,
125144,Certified Application Counselor (CAC),"Project Health, Inc.",3526807037,7205 SE Maricamp Road,Ocala,FL,34472,English,LHS,"Mon: 8:00 AM - 4:30 PM
Tue: 8:00 AM - 4:30 PM
Wed: 8:00 AM - 4:30 PM
Thu: 8:00 AM - 4:30 PM
Fri: 8:00 AM - 4:30 PM",,,,"Project Health, Inc.",http://langleymedical.com/,,,"(29.11351,-82.02223)",community@telmedical.com,TRUE,TRUE,
171064,Certified Application Counselor (CAC),Georgia Refugee Health and Mental Health,6789279180,3700 Market St Suite B,Clarkston,GA,30021,"Interpretation services available for other languages, English",GRHMH,"Tue: 9:00 AM - 5:00 PM
Wed: 9:00 AM - 5:00 PM
Thu: 9:00 AM - 5:00 PM
Fri: 9:00 AM - 5:00 PM
Sat: 9:00 AM - 4:00 PM",,,,Georgia Refugee Health and Mental Health,,,"Homebound, Homeless, LGBT, Low-income, Mental health, Seniors, Substance abuse, Unemployed, Young adults/students, Deaf/hearing impaired, Ex-offenders, HIV/AIDS","(33.80927,-84.23908)",drconnors@wellrefugee.org,TRUE,TRUE,
546274,Certified Application Counselor (CAC),"Empowerment Systems, Inc.",4803676937,"2066 W. Apache Trail
Suite 116",Apache Junction,AZ,85120,"English, Spanish",C O R C,"Mon: 9:00 AM - 4:00 PM
Tue: 9:00 AM - 4:00 PM
Wed: 9:00 AM - 4:00 PM
Thu: 9:00 AM - 4:00 PM
Fri: 9:00 AM - 4:00 PM",,,,"Empowerment Systems, Inc.",,,,"(33.41606,-111.57012)",info@empowermentsystems.org,TRUE,TRUE,
546274,CHIP Specialist,"Empowerment Systems, Inc.",4803676937,"2066 W. Apache Trail
Suite 116",Apache Junction,AZ,85120,"English, Spanish",C O R C,"Mon: 9:00 AM - 4:00 PM
Tue: 9:00 AM - 4:00 PM
Wed: 9:00 AM - 4:00 PM
Thu: 9:00 AM - 4:00 PM
Fri: 9:00 AM - 4:00 PM",,,,"Empowerment Systems, Inc.",,,,"(33.41606,-111.57012)",info@empowermentsystems.org,TRUE,TRUE,
546274,Medicaid Specialist,"Empowerment Systems, Inc.",4803676937,"2066 W. Apache Trail
Suite 116",Apache Junction,AZ,85120,"English, Spanish",C O R C,"Mon: 9:00 AM - 4:00 PM
Tue: 9:00 AM - 4:00 PM
Wed: 9:00 AM - 4:00 PM
Thu: 9:00 AM - 4:00 PM
Fri: 9:00 AM - 4:00 PM",,,,"Empowerment Systems, Inc.",,,,"(33.41606,-111.57012)",info@empowermentsystems.org,TRUE,TRUE,
801229,Certified Application Counselor (CAC),The Information Center,7342827171,20400 Superior Rd.,Taylor,MI,48180,"Interpretation services available for other languages, English",TIC,"Mon: 9:00 AM - 5:00 PM
Tue: 9:00 AM - 5:00 PM
Wed: 9:00 AM - 5:00 PM
Thu: 9:00 AM - 5:00 PM
Fri: 9:00 AM - 5:00 PM",,,,"The Information Center, Inc.",,,"Low-income, Seniors, Unemployed, Young adults/students","(42.20586,-83.23412)",info@TheInfoCenter.org,TRUE,TRUE,
868934,Certified Application Counselor (CAC),"Premier Community HealthCare Group, Inc.",3525182000,11611 Denton Avenue,Hudson,FL,34667,English,PCHG,"Mon: 7:00 AM - 7:00 PM
Tue: 7:00 AM - 4:00 PM
Wed: 7:00 AM - 4:00 PM
Thu: 7:00 AM - 4:00 PM
Fri: 7:00 AM - 4:00 PM",,,,Premier Community HealthCare- Hudson Family Health Center,http://www.premierhc.org,,,"(28.39004,-82.62519)",pchgeligibility@hcnetwork.org,TRUE,TRUE,
944361,Certified Application Counselor (CAC),"Eligibility Screening Services, LLC",9036541028,3201 West Highway 22,Corsicana,TX,75110,English,ESS,"Mon: 9:00 AM - 4:00 PM
Tue: 9:00 AM - 4:00 PM
Wed: 9:00 AM - 4:00 PM
Thu: 9:00 AM - 4:00 PM
Fri: 9:00 AM - 4:00 PM",8003531380,,,Navarro Regional Hospital,http://www.essconnection.com,,,"(32.08502,-96.50384)",esscontact@chs.net,TRUE,TRUE,
944410,Certified Application Counselor (CAC),"Eligibility Screening Services, LLC",5809322024,1800 University Blvd.,Durant,OK,74701,English,AR,"Mon: 9:00 AM - 4:00 PM
Tue: 9:00 AM - 4:00 PM
Wed: 9:00 AM - 4:00 PM
Thu: 9:00 AM - 4:00 PM
Fri: 9:00 AM - 4:00 PM",8003531380,,,AllianceHealth Durant,http://www.essconnection.com,,,"(34.00484,-96.39582)",esscontact@chs.net,TRUE,TRUE,
973945,Certified Application Counselor (CAC),Community Action Corporation of South Texas,3615923237,"1311 E. General Cavazos Blvd
Suite C",KIngsville,TX,78363,English,CACOST,"Mon: 8:00 AM - 5:00 PM
Tue: 8:00 AM - 5:00 PM
Thu: 8:00 AM - 5:00 PM
Fri: 8:00 AM - 5:00 PM",,,,Community Action Health Center,,Lunch: 12:00 - 1:00,,"(27.49131,-97.85082)",,TRUE,TRUE,
983438,Certified Application Counselor (CAC),Light and Salt Association,5127693139,13010 Research Blvd #224,Austin,TX,78750,"English, Mandarin, Vietnamese",LSA,"Mon: 9:30 AM - 4:30 AM
Tue: 9:30 AM - 4:30 PM
Wed: 9:30 AM - 4:30 PM
Thu: 9:30 AM - 4:30 PM
Fri: 9:30 AM - 4:30 PM",,,,Light & Salt Services Austin,,"Appointments recommended. Call 512-769-3139 for English or Mandarin, and 737-808-3831 for Vietnamese.",,"(30.04263,-97.69055)",mission.barbara@gmail.com,TRUE,TRUE,
1047043,Certified Application Counselor (CAC),"Eligibility Screening Services, LLC",2193261234,3777 Frontage Road / Lifeworks Building,Michigan City,IN,46360,English,AR,"Mon: 9:00 AM - 4:00 PM
Tue: 9:00 AM - 4:00 PM
Wed: 9:00 AM - 4:00 PM
Thu: 9:00 AM - 4:00 PM
Fri: 9:00 AM - 4:00 PM",8003531380,,,Northwest Health LaPorte,,,,,esscontact@chs.net,TRUE,TRUE,
944384,Certified Application Counselor (CAC),"Eligibility Screening Services, LLC",8654712349,110 Hospital Dr,Jefferson City,TN,37760,English,AR,"Mon: 9:00 AM - 4:00 PM
Tue: 9:00 AM - 4:00 PM
Wed: 9:00 AM - 4:00 PM
Thu: 9:00 AM - 4:00 PM
Fri: 9:00 AM - 4:00 PM",8003531380,,,Jefferson Memorial Hospital,http://www.essconnection.com,,,"(36.10771,-83.51919)",esscontact@chs.net,TRUE,TRUE,
941107,Certified Application Counselor (CAC),"Eligibility Screening Services, LLC",3343488866,400 North Edwards St,Enterprise,AL,36330,English,AR,"Mon: 9:00 AM - 4:00 PM
Tue: 9:00 AM - 4:00 PM
Wed: 9:00 AM - 4:00 PM
Thu: 9:00 AM - 4:00 PM
Fri: 9:00 AM - 4:00 PM",8003531380,,,Medical Center Enterprise,https://www.essconnection.com,,,"(31.31864,-85.85558)",esscontact@chs.net,TRUE,TRUE,
1047045,Certified Application Counselor (CAC),"Eligibility Screening Services, LLC",2199838828,85 East US Hwy 6,Valparaiso,IN,46383,English,AR,"Mon: 9:00 AM - 4:00 PM
Tue: 9:00 AM - 4:00 PM
Wed: 9:00 AM - 4:00 PM
Thu: 9:00 AM - 4:00 PM
Fri: 9:00 AM - 4:00 PM",8003531380,,,Northwest Health Porter,,,,"(41.55004,-87.04903)",esscontact@chs.net,TRUE,TRUE,
944372,Certified Application Counselor (CAC),"Eligibility Screening Services, LLC",3617886119,506 E. San Antonio Street,Victoria,TX,77901,English,AR,"Mon: 9:00 AM - 4:00 PM
Tue: 9:00 AM - 4:00 PM
Wed: 9:00 AM - 4:00 PM
Thu: 9:00 AM - 4:00 PM
Fri: 9:00 AM - 4:00 PM",8003531380,,,DeTar Healthcare Navarro,http://www.essconnection.com,,,"(28.80763,-96.99745)",esscontact@chs.net,TRUE,TRUE,
113518,Certified Application Counselor (CAC),"Monongahela Valley Association of Health Centers, Inc.",3043660700,1 Columbia Road,Shinnston,WV,26431,English,MVA,Tue: 9:00 AM - 5:00 PM,,,,"Monongahela Valley Association of Health Centers, Inc.",http://www.mvahealth.org,,,"(39.38476,-80.30775)",enroll@mvahealth.org,TRUE,TRUE,
941113,Certified Application Counselor (CAC),"Eligibility Screening Services, LLC",5204698575,6200 North Lacholla Blvd,Tucson,AZ,85741,English,AR,"Mon: 9:00 AM - 4:00 PM
Tue: 9:00 AM - 4:00 PM
Wed: 9:00 AM - 4:00 PM",8003531380,,,Northwest Medical Center,http://www.essconnection.com,,,"(32.31478,-111.01205)",esscontact@chs.net,TRUE,TRUE,
944333,Certified Application Counselor (CAC),"Eligibility Screening Services, LLC",9315021975,651 Dunlop Lane,Clarksville,TN,37040,English,AR,"Mon: 9:00 AM - 4:00 PM
Tue: 9:00 AM - 4:00 PM
Wed: 9:00 AM - 4:00 PM
Thu: 9:00 AM - 4:00 PM
Fri: 9:00 AM - 4:00 PM",8003531380,,,Tennova Healthcare- Clarksville,https://www.essconnection.com,,,"(36.58007,-87.26995)",esscontact@chs.net,TRUE,TRUE,
944345,Certified Application Counselor (CAC),"Eligibility Screening Services, LLC",6602693038,1515 Union Ave,Moberly,MO,65270,English,AR,"Mon: 9:00 AM - 4:00 PM
Tue: 9:00 AM - 4:00 PM
Wed: 9:00 AM - 4:00 PM
Thu: 9:00 AM - 4:00 PM
Fri: 9:00 AM - 4:00 PM",8003531380,,,Moberly Regional Medical Center,http://www.essconnection.com,,,"(39.42392,-92.41426)",esscontact@chs.net,TRUE,TRUE,
944357,Certified Application Counselor (CAC),"Eligibility Screening Services, LLC",6014432701,54 SGT Prentiss Dr,Natchez,MS,39120,English,AR,"Mon: 9:00 AM - 4:00 PM
Tue: 9:00 AM - 4:00 PM
Wed: 9:00 AM - 4:00 PM
Thu: 9:00 AM - 4:00 PM
Fri: 9:00 AM - 4:00 PM",8003531380,,,Merit Health Natchez,http://www.essconnection.com,,,"(31.53359,-91.38134)",esscontact@chs.net,TRUE,TRUE,
944363,Certified Application Counselor (CAC),"Eligibility Screening Services, LLC",9032423365,2901 N. Fourth Street,Longview,TX,75605,English,AR,"Mon: 9:00 AM - 4:00 PM
Tue: 9:00 AM - 4:00 PM
Wed: 9:00 AM - 4:00 PM
Thu: 9:00 AM - 4:00 PM
Fri: 9:00 AM - 4:00 PM",8003531380,,,Longview Regional Medical Center,http://www.essconnection.com,,,"(32.53314,-94.73027)",esscontact@chs.net,TRUE,TRUE,
945504,Certified Application Counselor (CAC),"Eligibility Screening Services, LLC",2564944109,1007 Goodyear Ave,Gadsden,AL,35903,English,AR,"Mon: 9:00 AM - 4:00 PM
Tue: 9:00 AM - 4:00 PM
Wed: 9:00 AM - 4:00 PM
Thu: 9:00 AM - 4:00 PM
Fri: 9:00 AM - 4:00 PM",8003531380,,,Gadsden Regional Medical Center,http://www.essconnection.com,,,"(34.00779,-85.96587)",esscontact@chs.net,TRUE,TRUE,
945508,Certified Application Counselor (CAC),"Eligibility Screening Services, LLC",3052945531,5900 College Road,Key West,FL,33040,English,AR,"Mon: 9:00 AM - 4:00 PM
Tue: 9:00 AM - 4:00 PM
Wed: 9:00 AM - 4:00 PM
Thu: 9:00 AM - 4:00 PM
Fri: 9:00 AM - 4:00 PM",8003531380,,,Lower Keys Medical Center,http://www.essconnection.com,,,"(24.58076,-81.74233)",esscontact@chs.net,TRUE,TRUE,
1047054,Certified Application Counselor (CAC),"Eligibility Screening Services, LLC",4236254527,110 Hospital Drive,Jefferson City,TN,37760,English,AR,"Mon: 9:00 AM - 4:00 PM
Tue: 9:00 AM - 4:00 PM
Wed: 9:00 AM - 4:00 PM
Thu: 9:00 AM - 4:00 PM
Fri: 9:00 AM - 4:00 PM",8003531380,,,Tennova Newport Medical Center,https://www.essconnectin.co,,,"(36.10666,-83.51906)",esscontact@chs.net,TRUE,TRUE,
1047055,Certified Application Counselor (CAC),"Eligibility Screening Services, LLC",8658591040,110 Hospital Drive,Jefferson City,TN,37760,English,AR,"Mon: 9:00 AM - 4:00 PM
Tue: 9:00 AM - 4:00 PM
Wed: 9:00 AM - 4:00 PM
Thu: 9:00 AM - 4:00 PM
Fri: 9:00 AM - 4:00 PM",8003531380,,,Tennova North Knoxville Medical Center,https://www.essconnection.com,,,"(36.10666,-83.51906)",esscontact@chs.net,TRUE,TRUE,
971419,Certified Application Counselor (CAC),"Mountain Projects, Inc",8284003149,"NC Works Career Center
800 West U.S. HWY 64",Murphy,NC,28906,"English, Interpretation services available for other languages","MPI, INC.","Mon: 9:00 AM - 5:00 PM
Tue: 9:00 AM - 5:00 PM
Wed: 9:00 AM - 5:00 PM
Thu: 9:00 AM - 5:00 PM
Fri: 9:00 PM - 5:00 PM",8006271548,,,"Mountain Projects, Inc.",http://www.mountainprojects.org,"Linda Curtis-Palmieri, Certified Application Counselor is available for appointments and walk-ins and works out of the TriCounty NC Works Career Center in Murphy on Wednesdays. Call her for appointment as time is limited due to COVID  8284003149","Ex-offenders, Homeless, Low-income, LGBT, Mental health, Substance abuse, Unemployed, Young adults/students, HIV/AIDS, Homebound","(35.07757,-84.04184)",lcurtis@mountainprojects.org,TRUE,TRUE,
971420,Certified Application Counselor (CAC),"Mountain Projects, Inc",8285507908,"Bryson City United Methodist Church
76 Main St.",Bryson City,NC,28713,"English, Interpretation services available for other languages","MPI, INC.","Mon: 8:30 AM - 3:30 PM
Tue: 8:30 AM - 3:30 PM
Wed: 8:30 AM - 3:30 PM
Thu: 8:30 AM - 3:30 PM",8006271548,,,"Mountain Projects, Inc.",http://www.mountainprojects.org,"7 years experience. Linda Fitzsimmons, Certified Marketplace Navigator is available by appointment.  Due to COVID, appointments may be limited to phone or virtual assistance.","Ex-offenders, HIV/AIDS, Homebound, Homeless, LGBT, Low-income, Mental health, Substance abuse, Unemployed, Young adults/students","(35.42638,-83.4472)",lfitzsimmons@mountainprojects.org,TRUE,TRUE,
96157,Certified Application Counselor (CAC),Little River Medical Center,8436638245,3236 Holmestown Road,Myrtle Beach,SC,29588,"English, Spanish",LRMC,"Mon: 8:30 AM - 5:30 PM
Tue: 8:30 AM - 5:30 PM
Wed: 8:30 AM - 5:30 PM
Thu: 8:30 AM - 5:30 PM
Fri: 8:30 AM - 5:30 PM",,,,Little River Medical Center - South Strand,http://www.lrmcenter.com,Appointments available evenings and weekends,,"(33.62635,-79.01068)",glemmo@lrmcenter.com,TRUE,TRUE,
118390,Certified Application Counselor (CAC),Northeast Missouri Health Council,6606656067,402 West Jefferson Street,Kirksville,MO,63501,English,NMHC,"Mon: 8:00 AM - 5:00 PM
Tue: 8:00 AM - 5:00 PM
Wed: 8:00 AM - 5:00 PM
Thu: 8:00 AM - 5:00 PM
Fri: 8:00 AM - 5:00 PM",,,,Northeast Missouri Health Council,,We are located on the second floor in the Dental Clinic area.,,"(40.19312,-92.58616)",serwin@nmhcinc.org,TRUE,TRUE,
118390,Certified Application Counselor (CAC),Northeast Missouri Health Council,6606656067,402 West Jefferson Street,Kirksville,MO,63501,English,NMHC,"Mon: 8:00 AM - 5:00 PM
Tue: 8:00 AM - 5:00 PM
Wed: 8:00 AM - 5:00 PM
Thu: 8:00 AM - 5:00 PM
Fri: 8:00 AM - 5:00 PM",,,,Northeast Missouri Health Council,,We are located on the second floor in the Dental Clinic area.,,"(40.19312,-92.58616)",serwin@nmhcinc.org,TRUE,TRUE,
140656,Certified Application Counselor (CAC),Southeast Alaska Regional Health Consortium,9079668662,222 Tongass Drive,Sitka,AK,99835,"English, Interpretation services available for other languages, Spanish",SEARHC,"Mon: 8:00 AM - 5:00 PM
Tue: 8:00 AM - 5:00 PM
Wed: 8:00 AM - 5:00 PM
Thu: 8:00 AM - 5:00 PM
Fri: 8:00 AM - 5:00 PM
Sat: 8:00 AM - 5:00 PM",8559668684,,,Andrea Thomas/SEARHC,,"We serve everyone in Southeast Alaska ranging from Yakutat to Metlakatka, Alaska.","Low-income, Unemployed, Young adults/students, Seniors, Homebound, LGBT, Substance abuse, Mental health, Homeless, HIV/AIDS","(57.0504,-135.35621)",outreach@searhc.org,TRUE,TRUE,
28371,Certified Application Counselor (CAC),"Community Health Centers, Inc.",4079058827,225 E. Seventh St,Apopka,FL,32703,"English, French Creole, Spanish",CHCFL,"Mon: 8:00 AM - 6:00 PM
Tue: 8:00 AM - 7:00 PM
Wed: 8:00 AM - 5:00 PM
Thu: 8:00 AM - 5:00 PM
Fri: 8:00 AM - 1:00 PM",,,,Community Health Centers - Apopka,http://www.chcfl.org,"Monday - Saturday, check www.chcfl.org for hours.",,"(28.66956,-81.50694)",questions@chcfl.org,TRUE,TRUE,
1437267,Navigator (NAV),"South Plains Community Action Association, Inc.",8333142373,402 Butternut St,Abilene,TX,79602,"English, Spanish, Interpretation services available for other languages",SPCAA,"Mon: 8:30 AM - 5:00 PM
Tue: 8:30 AM - 5:00 PM
Wed: 8:30 AM - 5:00 PM
Thu: 8:30 AM - 5:00 PM
Fri: 8:30 AM - 5:00 PM",8333142373,,,Dignity Health Services- SPCAA,https://www.spcaa.org/health-services-health-insurance,"Weekend and Evening hours are available by request.  
Google Form for appointment: https://docs.google.com/forms/d/e/1FAIpQLSf42QdweXqP9XiK5iK4E1sdN-eyiLfuAlXExr7L_biUAH62ug/viewform
Counties served: Brown, Callahan, Coleman, Comanche, Eastland, Fisher, Haskell, Jones, Kent, Knox, Mitchell, Scurry, Shackelford, Stephens, Stonewall, Taylor, Throckmorton, Sterling, Coke, Reagan, Irion, Tom Green, Concho, McCulloch, Crockett, Schleicher, Menard, Mason, Sutton, Kimble, Andrews, Borden, Crane, Dawson, Ector, Gaines, Glasscock, Howard, Loving, Martin, Midland, Pecos, Reeves, Terrell, Upton, Ward, Wheeler, Bailey, Cochran, Crosby, Dickens, Floyd, Garza, Hale, Hockley, King, Lamb, Lubbock, Lynn, Motley, Terry and Yoakum","Deaf/hearing impaired, Ex-offenders, HIV/AIDS, Homebound, Homeless, LGBT, Low-income, Mental health, Seniors, Young adults/students, Unemployed, Substance abuse","(32.44521,-99.7379)",ccholewinski@spcaa.org,TRUE,TRUE,
971418,Certified Application Counselor (CAC),"Mountain Projects, Inc",8284003149,119 Courthouse Drive,Hayesville,NC,28904,"English, Interpretation services available for other languages","MPI, INC.","Mon: 9:00 AM - 5:00 PM
Tue: 9:00 AM - 5:00 PM
Wed: 9:00 AM - 5:00 PM
Thu: 9:00 AM - 5:00 PM
Fri: 9:00 AM - 5:00 PM",8006271548,,,"Mountain Projects, Inc",http://www.mountainprojects.org,"Linda Curtis-Palmieri, Certified Application Counselor is available for appointments. Please call 828-400-3149 or email her at lcurtis@mountainprojects.org. This is an office in the Clay County DSS. Due to COVID, walkins will not be available.","HIV/AIDS, Homebound, Ex-offenders, Deaf/hearing impaired, Homeless, LGBT, Low-income, Mental health, Substance abuse, Unemployed, Young adults/students","(35.02538,-83.81877)",lcurtis@mountainprojects.org,TRUE,TRUE,
158836,Certified Application Counselor (CAC),Spectra Health,7017572100,"212 S. 4Th Street
Suite 204",Grand Forks,ND,58201,"English, Interpretation services available for other languages",VCHC,"Mon: 7:30 AM - 5:30 PM
Tue: 7:30 AM - 5:30 PM
Wed: 7:30 AM - 5:30 PM
Thu: 7:30 AM - 5:30 PM
Fri: 7:30 AM - 5:30 PM",,,,Spectra Health,,Please check in at the Dental Clinic on the first floor (Suite 100) for your appointment.,,"(47.92205,-97.028)",certifiedapplicationcounselor@spectrahealth.org,TRUE,TRUE,
160736,Certified Application Counselor (CAC),"Wabash Valley Health Center, INC",8122327447,1436 Locust St,Terre Haute,IN,47807,English,CAC,"Mon: 7:30 AM - 6:30 PM
Tue: 8:00 AM - 5:00 PM
Wed: 8:00 AM - 5:00 PM
Thu: 8:00 AM - 5:00 PM
Fri: 9:00 AM - 5:00 PM",,,,"Wabash Valley Health Center. Inc,",http://www.wabashvalleyhealthcenter.org/,"Appointments are preferred, walk-ins will be seen on a first come first serve basis.",,"(39.4778,-87.39523)",acash@wvhc.org,TRUE,TRUE,
803344,Navigator (NAV),Community HealthCare Association of the Dakotas,6052734335,208 Main Street,McIntosh,SD,57641,"English, Interpretation services available for other languages",CHAD,"Mon: 8:00 AM - 5:00 PM
Tue: 8:00 AM - 5:00 PM
Wed: 8:00 AM - 5:00 PM
Thu: 8:00 AM - 5:00 PM
Fri: 8:00 AM - 5:00 PM",,,,McIntosh Community Clinic,http://www.getcoveredsouthdakota.org/,STATEWIDE ASSISTANCE IS AVAILABLE. Visit getcoveredsouthdakota.org to schedule an appointment.,"Deaf/hearing impaired, Ex-offenders, HIV/AIDS, Homebound, Homeless, LGBT, Low-income, Mental health, Seniors, Young adults/students, Unemployed, Substance abuse","(45.92259,-101.35003)",,TRUE,TRUE,
1047021,Navigator (NAV),Community HealthCare Association of the Dakotas,6053390420,1200 N West Avenue,Sioux Falls,SD,57104,"English, Interpretation services available for other languages",CHAD,"Mon: 8:00 AM - 5:00 PM
Tue: 8:00 AM - 5:00 PM
Wed: 8:00 AM - 5:00 PM
Thu: 8:00 AM - 5:00 PM
Fri: 8:00 AM - 5:00 PM",,,,South Dakota Urban Indian Health,http://www.getcoveredsouthdakota.org/,"Statewide assistance is available.  We believe everyone deserves access to affordable, quality health care.  Get Covered SD provides health insurance education and assistance free of charge! Visit the website to schedule an appointment.",,"(43.56147,-96.74692)",,TRUE,TRUE,
1144356,Certified Application Counselor (CAC),Southwest Utah Community Health Center dba Family Healthcare,4359862565,391 N 200 W,Hurricane,UT,84737,"English, Spanish, Interpretation services available for other languages",FHC,"Mon: 8:00 AM - 5:00 PM
Wed: 8:00 AM - 5:00 PM
Thu: 8:00 AM - 6:00 PM
Fri: 8:00 AM - 5:00 PM",,,,Family Healthcare - Hurricane Clinic,https://familyhc.org/,,,"(37.18154,-113.29201)",gricelda@familyhc.org,TRUE,TRUE,
944349,Certified Application Counselor (CAC),"Eligibility Screening Services, LLC",6607851280,315 S. Osteopathy,Kirksville,MO,63501,English,AR,"Mon: 9:00 AM - 4:00 PM
Tue: 9:00 AM - 4:00 PM
Wed: 9:00 AM - 4:00 PM
Thu: 9:00 AM - 4:00 PM
Fri: 9:00 AM - 4:00 PM",8003531380,,,Northeast Regional Medical Center,http://www.essconnection.com,,,"(40.19228,-92.59077)",esscontact@chs.net,TRUE,TRUE,
944353,Certified Application Counselor (CAC),"Eligibility Screening Services, LLC",6019361228,1030 River Oaks Drive,Flowood,MS,39232,English,AR,"Mon: 9:00 AM - 4:00 PM
Tue: 9:00 AM - 4:00 PM
Wed: 9:00 AM - 4:00 PM
Thu: 9:00 AM - 4:00 PM
Fri: 9:00 AM - 4:00 PM",8003531380,,,Merit Health River Oaks,http://www.essconnection.com,,,"(32.32971,-90.1075)",esscontact@chs.net,TRUE,TRUE,
1144330,Certified Application Counselor (CAC),Community Care Resources,7542102735,1008 W Hallandale Beach Boulevard,Hallandale Beach,FL,33009,"English, French, French Creole, Spanish",CCR,"Mon: 8:00 AM - 1:00 PM
Mon: 2:00 PM - 5:00 PM
Tue: 8:00 AM - 1:00 PM
Tue: 2:00 PM - 5:00 PM
Wed: 8:00 AM - 1:00 PM
Wed: 2:00 PM - 5:00 PM
Thu: 8:00 AM - 1:00 PM
Thu: 2:00 PM - 5:00 PM
Fri: 8:00 AM - 1:00 PM
Fri: 2:00 PM - 5:00 PM",8772872520,,,CCR-Hallandale,https://ccrsfl.com,,"Ex-offenders, HIV/AIDS, Homebound, Homeless, LGBT, Low-income, Mental health, Seniors, Young adults/students, Unemployed, Substance abuse","(25.98573,-80.13815)",info@ccrsfl.com,TRUE,TRUE,
1144348,Certified Application Counselor (CAC),Community Care Resources,4074017457,"106 Boston Avenue
Suite 204",Altamonte Springs,FL,32701,"English, French, French Creole, Spanish",CCR,"Mon: 8:00 AM - 12:00 PM
Mon: 1:00 PM - 5:00 PM
Tue: 8:00 AM - 12:00 PM
Tue: 1:00 PM - 5:00 PM
Wed: 8:00 AM - 12:00 PM
Wed: 1:00 PM - 5:00 PM
Thu: 8:00 AM - 12:00 PM
Thu: 1:00 PM - 5:00 PM
Fri: 8:30 AM - 12:00 PM
Fri: 1:00 PM - 5:00 PM",8772872520,,,CCR-Seminole,https://ccrsfl.com,,"Ex-offenders, HIV/AIDS, Homebound, Homeless, LGBT, Low-income, Mental health, Seniors, Young adults/students, Unemployed, Substance abuse","(28.66292,-81.37122)",info@ccrsfl.com,TRUE,TRUE,
944366,Certified Application Counselor (CAC),"Eligibility Screening Services, LLC",6018834865,2100 Highway 61 North,Vicksburg,MS,39183,English,AR,"Mon: 9:00 AM - 4:00 PM
Tue: 9:00 AM - 4:00 PM
Wed: 9:00 AM - 4:00 PM
Thu: 9:00 AM - 4:00 PM
Fri: 9:00 AM - 4:00 PM",8003531380,,,Merith Health River Region,https://www.essconnection.com,,,"(32.37452,-90.82452)",esscontact@chs.net,TRUE,TRUE,
1010678,Certified Application Counselor (CAC),"Mountain Projects, Inc",8284004177,171 West Main Street,Franklin,NC,28734,"English, Interpretation services available for other languages","MPI, INC.","Mon: 9:00 AM - 5:00 PM
Tue: 9:00 PM - 5:00 PM
Wed: 9:00 AM - 5:00 PM
Thu: 9:00 AM - 5:00 PM
Fri: 9:00 AM - 5:00 AM",,,,"Mountain Projects, Inc",https://www.mountainprojects.org,"Cynthia Solesbee ,CAC Contact The outreach center for the First United Methodist Church of Franklin, NC.  Call for an appointment. 828-400-4177","Deaf/hearing impaired, Ex-offenders, HIV/AIDS, Homebound, Homeless, LGBT, Low-income, Mental health, Substance abuse, Unemployed, Young adults/students","(35.18126,-83.38375)",csolesbee@mountainprojects.org,TRUE,TRUE,
944368,Certified Application Counselor (CAC),"Eligibility Screening Services, LLC",8174083154,1310 Paluxy Road,Granbury,TX,76048,English,AR,"Mon: 9:00 AM - 4:00 PM
Tue: 9:00 AM - 4:00 PM
Wed: 9:00 AM - 4:00 PM
Thu: 9:00 AM - 4:00 PM
Fri: 9:00 AM - 4:00 PM",8003531380,,,Lake Granbury Medical Center,http://www.essconnection.com,,,"(32.43127,-97.80358)",esscontact@chs.net,TRUE,TRUE,
944369,Certified Application Counselor (CAC),"Eligibility Screening Services, LLC",6012688518,5001 Hardy Street,Hattiesburg,MS,39402,English,AR,"Mon: 9:00 AM - 4:00 PM
Tue: 9:00 AM - 4:00 PM
Wed: 9:00 AM - 4:00 PM
Thu: 9:00 AM - 4:00 PM
Fri: 9:00 AM - 4:00 PM",8003531380,,,Merit Health Wesley,http://www.essconnection.com,,,"(31.32351,-89.36412)",esscontact@chs.net,TRUE,TRUE,
944379,Certified Application Counselor (CAC),"Eligibility Screening Services, LLC",8658591040,7565 Dannaher Drive,Powell,TN,37849,English,AR,"Mon: 9:00 AM - 4:00 PM
Tue: 9:00 AM - 4:00 PM
Wed: 9:00 AM - 4:00 PM
Thu: 9:00 AM - 4:00 PM
Fri: 9:00 AM - 4:00 PM",8003531380,,,North Knoxville Medical Center,,,,"(36.05138,-83.99646)",esscontact@chs.net,TRUE,TRUE,
944369,Certified Application Counselor (CAC),"Eligibility Screening Services, LLC",6012688518,5001 Hardy Street,Hattiesburg,MS,39402,English,AR,"Mon: 9:00 AM - 4:00 PM
Tue: 9:00 AM - 4:00 PM
Wed: 9:00 AM - 4:00 PM
Thu: 9:00 AM - 4:00 PM
Fri: 9:00 AM - 4:00 PM",8003531380,,,Merit Health Wesley,http://www.essconnection.com,,,"(31.32351,-89.36412)",esscontact@chs.net,TRUE,TRUE,
945506,Certified Application Counselor (CAC),"Eligibility Screening Services, LLC",2604163056,2520 E. Dupont Road,Fort Wayne,IN,46825,English,AR,"Mon: 9:00 AM - 4:00 PM
Tue: 9:00 AM - 4:00 PM
Wed: 9:00 AM - 4:00 PM
Thu: 9:00 AM - 4:00 PM
Fri: 9:00 AM - 4:00 PM",8003531380,,,Dupont Hospital,http://www.essconnection.com,,,"(41.17487,-85.10932)",esscontact@chs.net,TRUE,TRUE,
945507,Certified Application Counselor (CAC),"Eligibility Screening Services, LLC",7654752311,275 West 12Th Street,Peru,IN,46970,English,AR,"Mon: 9:00 AM - 4:00 PM
Tue: 9:00 AM - 4:00 PM
Wed: 9:00 AM - 4:00 PM
Thu: 9:00 AM - 4:00 PM
Fri: 9:00 AM - 4:00 PM",8003531380,,,Dukes Memorial Hospital,http://www.essconnection.com,,,"(40.75596,-86.08454)",esscontact@chs.net,TRUE,TRUE,
945782,Certified Application Counselor (CAC),"Eligibility Screening Services, LLC",6018834865,2100 Highway 61 North/ 111 N. Frontage Rd,Vicksburg,MS,39183,English,AR,"Mon: 9:00 AM - 4:00 PM
Tue: 9:00 AM - 4:00 PM
Wed: 9:00 AM - 4:00 PM
Thu: 9:00 AM - 4:00 PM
Fri: 9:00 AM - 4:00 PM",8003531380,,,Merit Health River Region,https://www.essconnection.com,,,,esscontact@chs.net,TRUE,TRUE,
1016632,Certified Application Counselor (CAC),"Eligibility Screening Services, LLC",2059714761,3690 Grandview Parkway,Birmingham,AL,35243,English,AR,"Mon: 9:00 AM - 4:00 PM
Tue: 9:00 AM - 4:00 PM
Wed: 9:00 AM - 4:00 PM
Thu: 9:00 AM - 4:00 PM
Fri: 9:00 AM - 4:00 PM",8003531380,,,Grandview Medical Center,http://www.esscontact.com,,,"(33.4327,-86.72059)",esscontact@chs.net,TRUE,TRUE,
1047041,Certified Application Counselor (CAC),"Eligibility Screening Services, LLC",2393044875,6101 Pine Ridge Rd,Naples,FL,34119,English,AR,"Mon: 9:00 AM - 4:00 PM
Tue: 9:00 AM - 4:00 PM
Wed: 9:00 AM - 4:00 PM
Thu: 9:00 AM - 4:00 PM
Fri: 9:00 AM - 4:00 PM",8003531380,,,Physicians Regional Healthcare System Pine Ridge,,,,"(26.21359,-81.72909)",esscontact@chs.net,TRUE,TRUE,
1047044,Certified Application Counselor (CAC),"Eligibility Screening Services, LLC",2604357477,7950 west Jefferson Blvd,Fort Wayne,IN,46804,English,AR,"Mon: 9:00 AM - 4:00 PM
Tue: 9:00 AM - 4:00 PM
Wed: 9:00 AM - 4:00 PM
Thu: 9:00 AM - 4:00 PM
Fri: 9:00 AM - 4:00 PM",8003531380,,,Lutheran Hospital,,,,"(41.03856,-85.25031)",esscontact@chs.net,TRUE,TRUE,
945782,Certified Application Counselor (CAC),"Eligibility Screening Services, LLC",6018834865,2100 Highway 61 North/ 111 N. Frontage Rd,Vicksburg,MS,39183,English,AR,"Mon: 9:00 AM - 4:00 PM
Tue: 9:00 AM - 4:00 PM
Wed: 9:00 AM - 4:00 PM
Thu: 9:00 AM - 4:00 PM
Fri: 9:00 AM - 4:00 PM",8003531380,,,Merit Health River Region,https://www.essconnection.com,,,,esscontact@chs.net,TRUE,TRUE,
1016632,Certified Application Counselor (CAC),"Eligibility Screening Services, LLC",2059714761,3690 Grandview Parkway,Birmingham,AL,35243,English,AR,"Mon: 9:00 AM - 4:00 PM
Tue: 9:00 AM - 4:00 PM
Wed: 9:00 AM - 4:00 PM
Thu: 9:00 AM - 4:00 PM
Fri: 9:00 AM - 4:00 PM",8003531380,,,Grandview Medical Center,http://www.esscontact.com,,,"(33.4327,-86.72059)",esscontact@chs.net,TRUE,TRUE,
1047041,Certified Application Counselor (CAC),"Eligibility Screening Services, LLC",2393044875,6101 Pine Ridge Rd,Naples,FL,34119,English,AR,"Mon: 9:00 AM - 4:00 PM
Tue: 9:00 AM - 4:00 PM
Wed: 9:00 AM - 4:00 PM
Thu: 9:00 AM - 4:00 PM
Fri: 9:00 AM - 4:00 PM",8003531380,,,Physicians Regional Healthcare System Pine Ridge,,,,"(26.21359,-81.72909)",esscontact@chs.net,TRUE,TRUE,
1047044,Certified Application Counselor (CAC),"Eligibility Screening Services, LLC",2604357477,7950 west Jefferson Blvd,Fort Wayne,IN,46804,English,AR,"Mon: 9:00 AM - 4:00 PM
Tue: 9:00 AM - 4:00 PM
Wed: 9:00 AM - 4:00 PM
Thu: 9:00 AM - 4:00 PM
Fri: 9:00 AM - 4:00 PM",8003531380,,,Lutheran Hospital,,,,"(41.03856,-85.25031)",esscontact@chs.net,TRUE,TRUE,
1047046,Certified Application Counselor (CAC),"Eligibility Screening Services, LLC",5747721275,102 East Culver Road,Knox,IN,46534,English,AR,"Mon: 9:00 AM - 4:00 PM
Tue: 9:00 AM - 4:00 PM
Wed: 9:00 AM - 4:00 PM
Thu: 9:00 AM - 4:00 PM
Fri: 9:00 AM - 4:00 PM",8003531380,,,Northwest Health Starke,,,,"(41.28814,-86.62187)",esscontact@chs.net,TRUE,TRUE,
1047049,Certified Application Counselor (CAC),"Eligibility Screening Services, LLC",6018248504,350 Crossgates Blvd,Brandon,MS,39042,English,AR,"Mon: 9:00 AM - 4:00 PM
Tue: 9:00 AM - 4:00 PM
Wed: 9:00 AM - 4:00 PM
Thu: 9:00 AM - 4:00 PM
Fri: 9:00 AM - 4:00 PM",8003531380,,,Merit Health Rankin,https://www.essconnection.com,,,"(32.28681,-90.03586)",esscontact@chs.net,TRUE,TRUE,
1047052,Certified Application Counselor (CAC),"Eligibility Screening Services, LLC",8654712338,110 Hospital Drive,Jefferson City,TN,37760,English,AR,"Mon: 9:00 AM - 4:00 PM
Tue: 9:00 AM - 4:00 PM
Wed: 9:00 AM - 4:00 PM
Thu: 9:00 AM - 4:00 PM
Fri: 9:00 AM - 4:00 PM",8003531380,,,Tennova Jefferson Memorial Hospital,https://www.essconnection.com,,,"(36.10666,-83.51906)",esscontact@chs.net,TRUE,TRUE,
1047053,Certified Application Counselor (CAC),"Eligibility Screening Services, LLC",4239071311,110 Hospital Drive,Jefferson City,TN,37760,English,AR,"Mon: 9:00 AM - 4:00 PM
Tue: 9:00 AM - 4:00 PM
Wed: 9:00 AM - 4:00 PM
Thu: 9:00 AM - 4:00 PM
Fri: 9:00 AM - 4:00 PM",8003531380,,,Tennova LaFollette Medical Center,https://www.essconnection.com,,,"(36.10666,-83.51906)",esscontact@chs.net,TRUE,TRUE,
118810,Certified Application Counselor (CAC),Ohio Hills Health Services,7402396447,119 Main Street,Quaker City,OH,43773,English,OHHS,"Mon: 8:00 AM - 4:30 PM
Tue: 8:00 AM - 4:30 PM
Wed: 8:00 AM - 4:30 PM
Thu: 8:00 AM - 4:30 PM
Fri: 8:00 AM - 4:30 PM",,,,Ohio Hills Health Services: Quaker City Family Health Center,,,,"(39.97134,-81.29909)",,TRUE,TRUE,
118812,Certified Application Counselor (CAC),Ohio Hills Health Services,7402396447,110 West Main Street,Freeport,OH,43973,English,OHHS,"Mon: 8:00 AM - 4:30 PM
Tue: 8:00 AM - 4:30 PM
Wed: 8:00 AM - 4:30 PM
Thu: 8:00 AM - 4:30 PM
Fri: 8:00 AM - 4:30 PM",,,,Ohio Hills Health Services: Freeport Family Health Center,,Barb Hildreth,,"(40.21046,-81.26738)",,TRUE,TRUE,
11828,Certified Application Counselor (CAC),Benefis Health System,4064553549,500 15th Ave South,Great Falls,MT,59405,English,Benfis,"Mon: 8:00 AM - 5:00 PM
Tue: 8:00 AM - 5:00 PM
Wed: 8:00 AM - 5:00 PM
Thu: 8:00 AM - 5:00 PM
Fri: 8:00 AM - 5:00 PM",,,,Benefis Health System,,,"Young adults/students, Unemployed, Homeless, HIV/AIDS, Seniors, LGBT, Low-income, Mental health, Ex-offenders, Deaf/hearing impaired, Substance abuse","(47.48922,-111.29837)",TinaBundtrock@benefis.org,TRUE,TRUE,
11828,CHIP Specialist,Benefis Health System,4064553549,500 15th Ave South,Great Falls,MT,59405,English,Benfis,"Mon: 8:00 AM - 5:00 PM
Tue: 8:00 AM - 5:00 PM
Wed: 8:00 AM - 5:00 PM
Thu: 8:00 AM - 5:00 PM
Fri: 8:00 AM - 5:00 PM",,,,Benefis Health System,,,"Young adults/students, Unemployed, Homeless, HIV/AIDS, Seniors, LGBT, Low-income, Mental health, Ex-offenders, Deaf/hearing impaired, Substance abuse","(47.48922,-111.29837)",TinaBundtrock@benefis.org,TRUE,TRUE,
11828,Medicaid Specialist,Benefis Health System,4064553549,500 15th Ave South,Great Falls,MT,59405,English,Benfis,"Mon: 8:00 AM - 5:00 PM
Tue: 8:00 AM - 5:00 PM
Wed: 8:00 AM - 5:00 PM
Thu: 8:00 AM - 5:00 PM
Fri: 8:00 AM - 5:00 PM",,,,Benefis Health System,,,"Young adults/students, Unemployed, Homeless, HIV/AIDS, Seniors, LGBT, Low-income, Mental health, Ex-offenders, Deaf/hearing impaired, Substance abuse","(47.48922,-111.29837)",TinaBundtrock@benefis.org,TRUE,TRUE,
113519,Certified Application Counselor (CAC),"Monongahela Valley Association of Health Centers, Inc.",3043660700,1322 Locust Avenue,Fairmont,WV,26554,English,MVA,"Mon: 8:00 AM - 5:00 PM
Tue: 8:00 AM - 5:00 PM
Wed: 8:00 AM - 5:00 PM
Thu: 8:00 AM - 5:00 PM
Fri: 8:00 AM - 5:00 PM",,,,"Monongahela Valley Association Of Health Centers, Inc.",http://www.mvahealth.org,,,"(39.48156,-80.16277)",enroll@mvahealth.org,TRUE,TRUE,
1127694,Certified Application Counselor (CAC),"Eligibility Screening Services, LLC",2604253959,702 Van Buren Street,Fort Wayne,IN,46802,English,AR,"Mon: 9:00 AM - 4:00 PM
Tue: 9:00 AM - 4:00 PM
Wed: 9:00 AM - 4:00 PM
Thu: 9:00 AM - 4:00 PM
Fri: 9:00 AM - 4:00 PM",,,,Lutheran Downtown Hospital,,,,"(41.07776,-85.14161)",www.esscontact@chs.net,TRUE,TRUE,
158331,Navigator (NAV),Community HealthCare Association of the Dakotas,6053563317,204 E Main Street,Elk Point,SD,57025,"English, Interpretation services available for other languages",CHAD,"Mon: 8:00 AM - 5:00 PM
Tue: 8:00 AM - 5:00 PM
Wed: 8:00 AM - 5:00 PM
Thu: 8:00 AM - 5:00 PM
Fri: 8:00 AM - 5:00 PM",,,,Elk Point Community Health Center,http://www.getcoveredsouthdakota.org/,STATEWIDE ASSISTANCE IS AVAILABLE. Visit getcoveredsouthdakota.org to schedule an appointment.,,"(42.68539,-96.68311)",klongville@horizonhealthcare.org,TRUE,TRUE,
803359,Navigator (NAV),Community HealthCare Association of the Dakotas,6052593121,309 E 4th Street,White River,SD,57579,"English, Interpretation services available for other languages",CHAD,"Mon: 8:00 AM - 5:00 PM
Tue: 8:00 AM - 5:00 PM
Wed: 8:00 AM - 5:00 PM
Thu: 8:00 AM - 5:00 PM
Fri: 8:00 AM - 5:00 PM",,,,Mellette County Community Health Center,http://www.getcoveredsouthdakota.org/,STATEWIDE ASSISTANCE IS AVAILABLE. Visit getcoveredsouthdakota.org to schedule an appointment.,,"(43.56851,-100.74536)",klongville@horizonhealthcare.org,TRUE,TRUE,
1047020,Navigator (NAV),Community HealthCare Association of the Dakotas,6052246852,339 S. Pierre Street,Pierre,SD,57501,"English, Interpretation services available for other languages",CHAD,"Mon: 8:00 AM - 5:00 PM
Tue: 8:00 AM - 5:00 PM
Wed: 8:00 AM - 5:00 PM
Thu: 8:00 AM - 5:00 PM
Fri: 8:00 AM - 5:00 PM",,,,South Dakota Urban Indian Health - Pierre,http://www.getcoveredsouthdakota.org/,Statewide assistance is available. Visit getcoveredsouthdakota.org to schedule an appointment.,,"(44.36625,-100.3545)",kirsten.bluestone@sduih.org,TRUE,TRUE,
1127694,Certified Application Counselor (CAC),"Eligibility Screening Services, LLC",2604253959,702 Van Buren Street,Fort Wayne,IN,46802,English,AR,"Mon: 9:00 AM - 4:00 PM
Tue: 9:00 AM - 4:00 PM
Wed: 9:00 AM - 4:00 PM
Thu: 9:00 AM - 4:00 PM
Fri: 9:00 AM - 4:00 PM",,,,Lutheran Downtown Hospital,,,,"(41.07776,-85.14161)",www.esscontact@chs.net,TRUE,TRUE,
158331,Navigator (NAV),Community HealthCare Association of the Dakotas,6053563317,204 E Main Street,Elk Point,SD,57025,"English, Interpretation services available for other languages",CHAD,"Mon: 8:00 AM - 5:00 PM
Tue: 8:00 AM - 5:00 PM
Wed: 8:00 AM - 5:00 PM
Thu: 8:00 AM - 5:00 PM
Fri: 8:00 AM - 5:00 PM",,,,Elk Point Community Health Center,http://www.getcoveredsouthdakota.org/,STATEWIDE ASSISTANCE IS AVAILABLE. Visit getcoveredsouthdakota.org to schedule an appointment.,,"(42.68539,-96.68311)",klongville@horizonhealthcare.org,TRUE,TRUE,
803359,Navigator (NAV),Community HealthCare Association of the Dakotas,6052593121,309 E 4th Street,White River,SD,57579,"English, Interpretation services available for other languages",CHAD,"Mon: 8:00 AM - 5:00 PM
Tue: 8:00 AM - 5:00 PM
Wed: 8:00 AM - 5:00 PM
Thu: 8:00 AM - 5:00 PM
Fri: 8:00 AM - 5:00 PM",,,,Mellette County Community Health Center,http://www.getcoveredsouthdakota.org/,STATEWIDE ASSISTANCE IS AVAILABLE. Visit getcoveredsouthdakota.org to schedule an appointment.,,"(43.56851,-100.74536)",klongville@horizonhealthcare.org,TRUE,TRUE,
1047020,Navigator (NAV),Community HealthCare Association of the Dakotas,6052246852,339 S. Pierre Street,Pierre,SD,57501,"English, Interpretation services available for other languages",CHAD,"Mon: 8:00 AM - 5:00 PM
Tue: 8:00 AM - 5:00 PM
Wed: 8:00 AM - 5:00 PM
Thu: 8:00 AM - 5:00 PM
Fri: 8:00 AM - 5:00 PM",,,,South Dakota Urban Indian Health - Pierre,http://www.getcoveredsouthdakota.org/,Statewide assistance is available. Visit getcoveredsouthdakota.org to schedule an appointment.,,"(44.36625,-100.3545)",kirsten.bluestone@sduih.org,TRUE,TRUE,
28395,Certified Application Counselor (CAC),"Community Health Connection, Inc.",9186220641,2321 E 3rd St,Tulsa,OK,74104,English,CHC,"Mon: 8:00 AM - 5:00 PM
Tue: 8:00 AM - 5:00 PM
Wed: 8:00 AM - 5:00 PM
Thu: 8:00 AM - 5:00 PM
Fri: 8:00 AM - 5:00 PM",,,,Community Health Connection - Kendall-Whittier,http://www.communityhealthconnection.org,,,"(36.15666,-95.9588)",marketing@tchc.us,TRUE,TRUE,
28397,Certified Application Counselor (CAC),"Community Health Connection, Inc.",9186220641,12020  E 31st St,Tulsa,OK,74146,English,CHC,"Mon: 8:00 AM - 5:00 PM
Tue: 8:00 AM - 5:00 PM
Wed: 8:00 AM - 5:00 PM
Thu: 8:00 AM - 5:00 PM
Fri: 8:00 AM - 5:00 PM",,,,Community Health Connection - Ellen Ochoa,http://www.communityhealthconnection.org,,,"(36.11886,-95.84288)",marketing@tchc.us,TRUE,TRUE,
13687,Certified Application Counselor (CAC),"Eligibility Screening Services, LLC",2609193069,303 S Main St,Bluffton,IN,46714,English,AR,"Mon: 8:30 AM - 4:30 PM
Tue: 8:30 AM - 4:30 PM
Wed: 8:30 AM - 4:30 PM
Thu: 8:30 AM - 4:30 PM
Fri: 8:30 AM - 4:30 PM",8003531380,,,Bluffton Regional Medical Center,http://www.essconnection.com,,,"(40.73713,-85.1714)",esscontact@chs.net,TRUE,TRUE,
941066,Certified Application Counselor (CAC),"Eligibility Screening Services, LLC",9366342557,505 S. John Redditt Drive,Lufkin,TX,75904,English,AR,"Mon: 9:00 AM - 4:00 PM
Tue: 9:00 AM - 4:00 PM
Wed: 9:00 AM - 4:00 PM
Thu: 9:00 AM - 4:00 PM
Fri: 9:00 AM - 4:00 PM",8003531380,,,Woodland Heights Medical Center,www.essconnection.com,,,"(31.33565,-94.76139)",esscontact@chs.net,TRUE,TRUE,
941067,Certified Application Counselor (CAC),"Eligibility Screening Services, LLC",3349447007,4370 West Main Street,Dothan,AL,36305,English,AR,"Mon: 9:00 AM - 4:00 PM
Tue: 9:00 AM - 4:00 PM
Wed: 9:00 AM - 4:00 PM
Thu: 9:00 AM - 4:00 PM
Fri: 9:00 AM - 4:00 PM",8003531380,,,Flowers Hospital,www.essconnection.com,,,"(31.2379,-85.45675)",esscontact@chs.net,TRUE,TRUE,
94200,Navigator (NAV),Light and Salt Association,7139884724,9800 Town Park Dr Suite 255,Houston,TX,77036,"English, Interpretation services available for other languages, Mandarin, Cantonese",LSA,"Mon: 9:00 AM - 5:00 PM
Tue: 9:00 AM - 5:00 PM
Wed: 9:00 AM - 5:00 PM
Thu: 9:00 AM - 5:00 PM
Fri: 9:00 AM - 5:00 PM",,,,Light and Salt Association,http://www.light-salt.org/,We are located on the second floor of Chinese Community Center.,,"(29.71188,-95.55385)",,TRUE,TRUE,
1155212,Certified Application Counselor (CAC),Central Wyoming Counseling Center,3072379583,1430 Wilkins Circle,Casper,WY,82601,English,CWCC,"Mon: 8:00 AM - 5:00 PM
Tue: 8:00 AM - 5:00 PM
Wed: 8:00 AM - 7:00 PM
Thu: 8:00 AM - 5:00 PM
Fri: 8:00 AM - 5:00 PM",,,,Central Wyoming Counseling Center,https://cwcc.us/,,"Ex-offenders, Homeless, LGBT, Low-income, Mental health, Seniors, Young adults/students, Unemployed, Substance abuse","(42.86614,-106.34185)",,TRUE,TRUE,
941073,Certified Application Counselor (CAC),"Eligibility Screening Services, LLC",8652187387,10820 Parkside Drive,Knoxville,TN,37934,English,AR,"Mon: 9:00 AM - 4:00 PM
Tue: 9:00 AM - 4:00 PM
Wed: 9:00 AM - 4:00 PM
Thu: 9:00 AM - 4:00 PM
Fri: 9:00 AM - 4:00 PM",8003531380,,,Tennova Turkey Creek Medical Center,https://www.essconnection.com,,,"(35.90003,-84.1436)",esscontact@chs.net,TRUE,TRUE,
941102,Certified Application Counselor (CAC),"Eligibility Screening Services, LLC",9287047138,2735 Silver Creek Road,Bullhead City,AZ,86442,English,AR,"Mon: 9:00 AM - 4:00 PM
Tue: 9:00 AM - 4:00 PM
Wed: 9:00 AM - 4:00 PM
Thu: 9:00 AM - 4:00 PM
Fri: 9:00 AM - 4:00 PM",8003531380,,,Western Arizona Regional Medical Center,www.essconnection.com,,,"(35.10995,-114.55506)",esscontact@chs.net,TRUE,TRUE,
941106,Certified Application Counselor (CAC),"Eligibility Screening Services, LLC",5209013623,1551 East Tangerine Road,Tucson,AZ,85755,English,AR,"Mon: 9:00 AM - 4:00 PM
Tue: 9:00 AM - 4:00 PM
Wed: 9:00 AM - 4:00 PM
Thu: 9:00 AM - 4:00 PM
Fri: 9:00 AM - 4:00 PM",8003531380,,,Oro Valley Hospital,http://www.essconnection.com,,,"(32.42725,-110.94886)",esscontact@chs.net,TRUE,TRUE,
983409,Certified Application Counselor (CAC),Light and Salt Association,5127693139,13010 Research Blvd #224,Austin,TX,78750,"English, Mandarin, Vietnamese",LSA,"Mon: 10:00 AM - 4:00 PM
Tue: 10:00 AM - 4:00 PM
Wed: 10:00 AM - 4:00 PM
Thu: 10:00 AM - 4:00 PM
Fri: 10:00 AM - 4:00 PM",,,,Light & Salt Services,,Appointments are recommended,,"(30.04263,-97.69055)",mission.barbara@gmail.com,TRUE,TRUE,
941114,Certified Application Counselor (CAC),"Eligibility Screening Services, LLC",2564294842,One Hospital Drive,Huntsville,AL,35801,English,AR,"Mon: 9:00 AM - 4:00 PM
Tue: 9:00 AM - 4:00 PM
Wed: 9:00 AM - 4:00 PM
Thu: 9:00 AM - 4:00 PM
Fri: 9:00 AM - 4:00 PM",8003531380,,,Crestwood Medical Center,https://www.essconnection.com,,,"(34.69236,-86.5724)",esscontact@chs.net,TRUE,TRUE,
52476,Certified Application Counselor (CAC),Gaston Family Health Services dba Kintegra Health,7048743311,119 W. Pennsylvania Avenue,Bessemer City,NC,28016,"English, Spanish",GFHS,"Mon: 8:00 AM - 5:00 PM
Tue: 8:00 AM - 5:00 PM
Wed: 8:00 AM - 5:00 PM
Thu: 8:00 AM - 5:00 PM
Fri: 8:00 AM - 5:00 PM",,,,Bessemer City Healthcare Center,http://www.gfhs.info,Gaston Family Health Services has locations in 5 counties and they all go by different names. I am updating the names of each site on find local help.,"HIV/AIDS, Homeless, Low-income, Unemployed, Young adults/students, Mental health, LGBT, Ex-offenders","(35.28385,-81.285)",enrollment@gfhs.info,TRUE,TRUE,
164591,Certified Application Counselor (CAC),Winslow Indian Health Care Center-Dilkon Medical Center,9282894646,500 North Indiana Avenue,Winslow,AZ,86047,"English, Interpretation services available for other languages",WIHCC,"Mon: 8:00 AM - 7:00 PM
Tue: 8:00 AM - 7:00 PM
Wed: 8:00 AM - 7:00 PM
Thu: 8:00 AM - 7:00 PM
Fri: 8:00 AM - 7:00 PM
Sat: 8:00 AM - 5:00 PM
Sun: 8:00 AM - 5:00 PM",,,,Winslow Indian Health Care Center,,Assistance in Navajo available.,,"(35.03234,-110.71473)",alutha.yellowhair@wihcc.org,TRUE,TRUE,
941115,Certified Application Counselor (CAC),"Eligibility Screening Services, LLC",9078616939,2500 South Woodward,Palmer,AK,99645,English,AR,"Mon: 9:00 AM - 4:00 PM
Tue: 9:00 AM - 4:00 PM
Wed: 9:00 AM - 4:00 PM
Thu: 9:00 AM - 4:00 PM
Fri: 9:00 AM - 4:00 PM",8003531380,,,Mat-Su Regional Medical Center,www.essconnection.com,,,"(61.60024,-149.12753)",esscontact@chs.net,TRUE,TRUE,
10616,Certified Application Counselor (CAC),"Bakersville Community Medical Clinic, Inc.",8286886621,86 N. Mitchell Ave,Bakersville,NC,28705,"English, Spanish",BCHC,"Mon: 8:00 AM - 4:00 PM
Tue: 8:00 AM - 4:00 PM
Wed: 8:00 AM - 4:00 PM
Thu: 8:00 AM - 4:00 PM
Fri: 8:00 AM - 4:00 PM",,,,Mountain Community Health Partnership-Bakersville Community Health Center,thebchc.org,Outreach and Enrollment assistance is located in the Bakersville Community Health Center Annex. (Directly across the street from the Health Center building.,,"(36.01523,-82.15815)",adillinger@mchp.care,TRUE,TRUE,
949119,Certified Application Counselor (CAC),"Bakersville Community Medical Clinic, Inc.",8286886621,116 Seven Mile Ridge Rd,Burnsville,NC,28714,"English, Spanish",BCHC,Wed: 8:00 AM - 4:00 PM,,,,Mountain Community Health Partnership-Celo Health Center (Celo),thebchc.org,,,"(35.83511,-82.1742)",adillinger@mchp.care,TRUE,TRUE,
941116,Certified Application Counselor (CAC),"Eligibility Screening Services, LLC",2519493328,1613 North McKenzie Street,Foley,AL,36535,English,AR,"Mon: 9:00 AM - 4:00 PM
Tue: 9:00 AM - 4:00 PM
Wed: 9:00 AM - 4:00 PM
Thu: 9:00 AM - 4:00 PM
Fri: 9:00 AM - 4:00 PM",8003531380,,,South Baldwin Regional Medical Center,https://www.essconnection.com,,,"(30.42524,-87.68329)",esscontact@chs.net,TRUE,TRUE,
944303,Certified Application Counselor (CAC),"Eligibility Screening Services, LLC",8506898248,151 Redstone Avenue SE,Crestview,FL,32539,English,AR,"Mon: 9:00 AM - 4:00 PM
Tue: 9:00 AM - 4:00 PM
Wed: 9:00 AM - 4:00 PM
Thu: 9:00 AM - 4:00 PM
Fri: 9:00 AM - 4:00 PM",8003531380,,,North Okaloosa Medical Center,http://www.essconnection.com,,,"(30.73685,-86.56274)",esscontact@chs.net,TRUE,TRUE,
148432,Certified Application Counselor (CAC),"Suncoast Community Health Centers, Inc.",8136536100,2814 14th Ave. SE,Ruskin,FL,33570,"English, Spanish, Interpretation services available for other languages",SCHC,"Mon: 7:30 AM - 5:00 PM
Tue: 7:30 AM - 5:00 PM
Wed: 7:30 AM - 5:00 PM
Thu: 7:30 AM - 5:00 PM
Fri: 7:30 AM - 5:00 PM",,,,Ruskin Health Center,http://www.suncoast-chc.org,Please call for an appointment.,,"(27.70583,-82.39591)",,TRUE,TRUE,
148433,Certified Application Counselor (CAC),"Suncoast Community Health Centers, Inc.",8136536100,14254 Martin Luther King Blvd,Dover,FL,33527,"English, Spanish, Interpretation services available for other languages",SCHC,"Mon: 7:30 AM - 5:00 PM
Tue: 7:30 AM - 5:00 PM
Wed: 7:30 AM - 5:00 PM
Thu: 7:30 AM - 5:00 PM
Fri: 7:30 AM - 5:00 PM",,,,Tom Lee Community Health Center,http://www.suncoast-chc.org,Please call for an appointment.,,"(27.99492,-82.218)",,TRUE,TRUE,
944309,Certified Application Counselor (CAC),"Eligibility Screening Services, LLC",2604357477,7952 West Jefferson Blvd.,Fort Wayne,IN,46804,English,AR,"Mon: 9:00 AM - 4:00 PM
Tue: 9:00 AM - 4:00 PM
Wed: 9:00 AM - 4:00 PM
Thu: 9:00 AM - 4:00 PM
Fri: 9:00 AM - 4:00 PM",8003531380,,,The Orthopedic Hospital,www.essconnection.com,,,"(41.03856,-85.25031)",esscontact@chs.net,TRUE,TRUE,
944315,Certified Application Counselor (CAC),"Eligibility Screening Services, LLC",8506265083,6002 Berryhill Rd,Milton,FL,32570,English,AR,"Mon: 9:00 AM - 4:00 PM
Tue: 9:00 AM - 4:00 PM
Wed: 9:00 AM - 4:00 PM
Thu: 9:00 AM - 4:00 PM
Fri: 9:00 AM - 4:00 PM",8003531380,,,Santa Rosa Medical Center,https://www.essconnection.com,,,"(30.63137,-87.06492)",esscontact@chs.net,TRUE,TRUE,
162224,Certified Application Counselor (CAC),West Virginia Primary Care Association,3043460032,1700 MacCorkle Ave SE,Charleston,WV,25314,English,WVPCA,"Mon: 8:00 AM - 5:00 PM
Tue: 8:00 AM - 5:00 PM
Wed: 8:00 AM - 5:00 PM
Thu: 8:00 AM - 5:00 PM
Fri: 8:00 AM - 5:00 PM",,,,"West Virginia Primary Care Association, Inc.",http://www.wvpca.org/,,,"(38.33575,-81.62552)",sherri@wvpca.org,TRUE,TRUE,
944347,Certified Application Counselor (CAC),"Eligibility Screening Services, LLC",5737769072,2620 N. Westwood Blvd,Poplar Bluff,MO,63901,English,AR,"Mon: 9:00 AM - 4:00 PM
Tue: 9:00 AM - 4:00 PM
Wed: 9:00 AM - 4:00 PM
Thu: 9:00 AM - 4:00 PM
Fri: 9:00 AM - 4:00 PM",8003531380,,,Poplar Bluff Regional Medical Center,https://www.essconnection.com,,,"(36.785,-90.42874)",esscontact@chs.net,TRUE,TRUE,
868909,Certified Application Counselor (CAC),Sapphire Community Health,4065410032,316 N 3rd St,Hamilton,MT,59840,English,SCh Inc.,"Mon: 8:00 AM - 5:00 PM
Tue: 8:00 AM - 5:00 PM
Wed: 8:00 AM - 5:00 PM
Thu: 8:00 AM - 5:00 PM
Fri: 8:00 AM - 5:00 PM",,,,"Sapphire Community Health, Inc.",http://www.sapphirechc.org,,,"(46.24922,-114.15881)",shigginbotham@sapphirechc.org,TRUE,TRUE,
125130,Certified Application Counselor (CAC),PROGRESSIVE COMMUNITY HEALTH CENTERS,4149358000,"1218 W Kilbourn Ave
Suite 124",Milwaukee,WI,53208,English,PCHC,"Mon: 8:00 AM - 4:00 PM
Tue: 8:00 AM - 4:00 PM
Wed: 8:00 AM - 4:00 PM
Thu: 8:00 AM - 4:00 PM
Fri: 8:00 AM - 4:00 PM",,,,Kilbourn Avenue Health Center,http://www.progressivechc.org,,,"(43.04168,-87.92872)",info@progressivechc.org,TRUE,TRUE,
96156,Certified Application Counselor (CAC),Little River Medical Center,8432310948,4220 Carolina Exchange Drive,Myrtle Beach,SC,29579,English,LRMC,"Mon: 8:30 AM - 5:30 PM
Tue: 8:30 AM - 5:30 PM
Wed: 8:30 AM - 5:30 PM
Thu: 8:30 AM - 5:30 PM
Fri: 8:30 AM - 5:30 PM",,,,Little River Medical Center - Carolina Forest,http://www.lrmcenter.com,Appointments available evenings and weekends.,,"(33.76159,-78.96509)",jdoyle@lrmcenter.com,TRUE,TRUE,
104853,Certified Application Counselor (CAC),Matagorda Episcopal Health Outreach Program,9792452008,1700 Golden Ave,Bay City,TX,77414,"English, Spanish",MEHOP,"Mon: 8:00 AM - 5:00 PM
Tue: 8:00 AM - 5:00 PM
Wed: 8:00 AM - 5:00 PM
Thu: 8:00 AM - 5:00 PM
Fri: 8:00 AM - 4:00 PM",8777052008,,,Matagorda Episcopal Health Outreach Program,http://www.mehop.org,,,"(28.99417,-95.97044)",vrodriguez@mehop.org,TRUE,TRUE,
59285,Certified Application Counselor (CAC),"Hopewell Health Centers, Inc.",7409920540,41865 Pomeroy Pike,Pomeroy,OH,45769,English,HHC,"Mon: 8:00 AM - 12:00 PM
Mon: 1:00 PM - 5:00 PM
Tue: 8:00 AM - 12:00 PM
Tue: 1:00 PM - 5:00 PM
Wed: 8:00 AM - 12:00 PM
Wed: 1:00 PM - 5:00 PM
Thu: 8:00 AM - 12:00 PM
Thu: 1:00 PM - 5:00 PM
Fri: 8:00 AM - 12:00 PM
Fri: 1:00 PM - 5:00 PM",,,,"Hopewell Health Centers, Inc.",http://www.hopewellhealth.org,,,"(39.05455,-82.01447)",certapp@hopewellhealth.org,TRUE,TRUE,
28362,Certified Application Counselor (CAC),"Community Health Centers, Inc.",4079058827,7900 Forest City Rd,Orlando,FL,32810,"English, Spanish, French Creole",CHCFL,"Mon: 8:00 AM - 6:00 PM
Tue: 8:00 AM - 7:00 PM
Wed: 8:00 AM - 5:00 PM
Thu: 8:00 AM - 5:00 PM
Fri: 8:00 AM - 1:00 PM",,,,Community Health Centers - Forest City,http://www.chcfl.org,"Monday - Friday, Check www.chcfl.org for hours.",,"(28.6286,-81.4156)",questions@chcfl.org,TRUE,TRUE,
28363,Certified Application Counselor (CAC),"Community Health Centers, Inc.",3523147400,1296 W. Broad St,Groveland,FL,34736,English,CHCFL,"Mon: 8:00 AM - 6:00 PM
Tue: 8:00 AM - 7:00 PM
Wed: 8:00 AM - 5:00 PM
Thu: 8:00 AM - 5:00 PM
Fri: 8:00 AM - 1:00 PM",,,,Community Health Centers - South Lake,,"Monday - Friday, check www.chcfl.org for hours.",,"(28.56565,-81.87139)",questions@chcfl.org,TRUE,TRUE,
28364,Certified Application Counselor (CAC),"Community Health Centers, Inc.",4079058827,849 Greenway Professional Ct,Orlando,FL,32824,"English, Spanish, French Creole",CHCFL,"Mon: 8:00 AM - 6:00 PM
Tue: 8:00 AM - 7:00 PM
Wed: 8:00 AM - 5:00 PM
Thu: 8:00 AM - 5:00 PM
Fri: 8:00 AM - 1:00 PM",,,,Community Health Centers - Meadow Woods,http://www.chcfl.org,"Monday - Friday, check www.chcfl.org for hours.",,"(28.37056,-81.36435)",questions@chcfl.org,TRUE,TRUE,
28365,Certified Application Counselor (CAC),"Community Health Centers, Inc.",4079058827,840 Mercy Dr,Orlando,FL,32808,"English, Spanish, French Creole",CHCFL,"Mon: 8:00 AM - 6:00 PM
Tue: 8:00 AM - 7:00 PM
Wed: 8:00 AM - 5:00 PM
Thu: 8:00 AM - 5:00 PM
Fri: 8:00 AM - 1:00 PM",,,,Community Health Centers - Pine Hills,,"Monday - Friday, check www.chcfl.org for hours.",,"(28.55404,-81.43051)",questions@chcfl.org,TRUE,TRUE,
28366,Certified Application Counselor (CAC),"Community Health Centers, Inc.",3523147400,225 N First St,Leesburg,FL,34748,"English, Spanish, French Creole",CHCFL,"Mon: 8:00 AM - 6:00 PM
Tue: 8:00 AM - 7:00 PM
Wed: 8:00 AM - 5:00 PM
Thu: 8:00 AM - 5:00 PM
Fri: 8:00 AM - 1:00 PM",,,,Community Health Centers - Leesburg,,"Monday - Friday, check www.chcfl.org for hours.",,"(28.81204,-81.87571)",questions@chcfl.org,TRUE,TRUE,
28367,Certified Application Counselor (CAC),"Community Health Centers, Inc.",4079058827,13275 W Colonial Dr,Winter Garden,FL,34787,"English, Spanish, French Creole",CHCFL,"Mon: 8:00 AM - 6:00 PM
Tue: 8:00 AM - 7:00 PM
Wed: 8:00 AM - 5:00 PM
Thu: 8:00 AM - 5:00 PM
Fri: 8:00 AM - 1:00 PM",,,,Community Health Centers - Winter Garden,http://www.chcfl.org,"Monday - Friday, Check Www.Chcfl.Org For Hours.",,"(28.55117,-81.57937)",questions@chcfl.org,TRUE,TRUE,
59286,Certified Application Counselor (CAC),"Hopewell Health Centers, Inc.",7402865245,"502 Mcarty Lane, Unit 5",Jackson,OH,45640,English,HHC,"Mon: 8:00 AM - 4:30 PM
Tue: 8:00 AM - 4:30 PM
Wed: 8:00 AM - 4:30 PM
Thu: 8:00 AM - 4:30 PM
Fri: 8:00 AM - 4:30 PM",,,,"Hopewell Health Centers, Inc.",http://www.hopewellhealth.org,,,"(39.0704,-82.6585)",certapp@hopewellhealth.org,TRUE,TRUE,
59287,Certified Application Counselor (CAC),"Hopewell Health Centers, Inc.",7408460008,"25716 Wilson Street
PO Box 443",Coolville,OH,45723,English,HHC,"Mon: 8:00 AM - 12:00 PM
Mon: 1:00 PM - 5:00 PM
Tue: 8:00 AM - 12:00 PM
Tue: 1:00 PM - 5:00 PM
Wed: 8:00 AM - 12:00 PM
Wed: 1:00 PM - 5:00 PM
Thu: 8:00 AM - 12:00 PM
Thu: 1:00 PM - 5:00 PM
Fri: 8:00 AM - 12:00 PM
Fri: 1:00 PM - 5:00 PM",,,,"Hopewell Health Centers, Inc.",http://www.hopewellhealth.org,,,"(39.23336,-81.78225)",certapp@hopewellhealth.org,TRUE,TRUE,
59290,Certified Application Counselor (CAC),"Hopewell Health Centers, Inc.",7403424192,"2541 Panther Drive
PO Box 149",New Lexington,OH,43764,English,HHC,"Mon: 8:00 AM - 12:00 PM
Mon: 1:00 PM - 5:00 PM
Tue: 8:00 AM - 12:00 PM
Tue: 1:00 PM - 5:00 PM
Wed: 8:00 AM - 12:00 PM
Wed: 1:00 PM - 5:00 PM
Thu: 8:00 AM - 12:00 PM
Thu: 1:00 PM - 5:00 PM
Fri: 8:00 AM - 12:00 PM
Fri: 1:00 PM - 5:00 PM",,,,"Hopewell Health Centers, Inc.",http://www.hopewellhealth.org,,,"(39.71506,-82.20583)",certapp@hopewellhealth.org,TRUE,TRUE,
59291,Certified Application Counselor (CAC),"Hopewell Health Centers, Inc.",7405923091,90 Hospital Dr.,Athens,OH,45701,English,HHC,"Mon: 8:00 AM - 6:00 PM
Tue: 8:00 AM - 7:00 PM
Wed: 8:00 AM - 6:00 PM
Thu: 8:00 AM - 7:00 PM
Fri: 8:00 AM - 5:00 PM",,,,"Hopewell Health Centers, Inc.",http://www.hopewellhealth.org,,,"(39.32796,-82.11514)",certapp@hopewellhealth.org,TRUE,TRUE,
59292,Certified Application Counselor (CAC),"Hopewell Health Centers, Inc.",7405964809,313 W Main St,Mcarthur,OH,45651,English,HHC,"Mon: 8:30 AM - 6:00 PM
Tue: 8:30 AM - 6:00 PM
Wed: 8:30 AM - 6:00 PM
Thu: 8:30 AM - 6:00 PM
Fri: 8:30 AM - 5:00 PM",,,,"Hopewell Health Centers, Inc.",http://www.hopewellhealth.org,,,"(39.24688,-82.48141)",certapp@hopewellhealth.org,TRUE,TRUE,
59293,Certified Application Counselor (CAC),"Hopewell Health Centers, Inc.",7407734366,"1049 Western Ave
PO Box 188",Chillicothe,OH,45601,English,HHC,"Mon: 8:00 AM - 12:00 PM
Mon: 1:00 PM - 5:00 PM
Tue: 8:00 AM - 12:00 PM
Tue: 1:00 PM - 5:00 PM
Wed: 8:00 AM - 12:00 PM
Wed: 1:00 PM - 5:00 PM
Thu: 8:00 AM - 12:00 PM
Thu: 1:00 PM - 5:00 PM
Fri: 8:00 AM - 12:00 PM
Fri: 1:00 PM - 5:00 PM",,,,"Hopewell Health Centers, Inc.",http://www.hopewellhealth.org,,,"(39.33305,-83.01292)",certapp@hopewellhealth.org,TRUE,TRUE,
59294,Certified Application Counselor (CAC),"Hopewell Health Centers, Inc.",7403852555,1383 W Hunter St,Logan,OH,43138,English,HHC,"Mon: 8:00 AM - 12:30 PM
Mon: 1:30 PM - 5:00 PM
Tue: 8:00 AM - 12:30 PM
Tue: 1:30 PM - 5:00 PM
Wed: 8:00 AM - 12:30 PM
Wed: 1:30 PM - 5:00 PM
Thu: 8:00 AM - 12:30 PM
Thu: 1:30 PM - 5:00 PM
Fri: 8:00 AM - 12:30 PM
Fri: 1:30 PM - 5:00 PM",,,,"Hopewell Health Centers, Inc.",http://www.hopewellhealth.org,,,"(39.54343,-82.42756)",certapp@hopewellhealth.org,TRUE,TRUE,
59295,Certified Application Counselor (CAC),"Hopewell Health Centers, Inc.",7405965249,"31891 State Route 93 North
PO Box 308",McArthur,OH,45651,English,HHC,"Mon: 8:00 AM - 12:00 PM
Mon: 1:00 PM - 5:00 PM
Tue: 8:00 AM - 12:00 PM
Tue: 1:00 PM - 5:00 PM
Wed: 8:00 AM - 12:00 PM
Wed: 1:00 PM - 5:00 PM
Thu: 8:00 AM - 12:00 PM
Thu: 1:00 PM - 5:00 PM
Fri: 8:00 AM - 12:00 PM
Fri: 1:00 PM - 5:00 PM",,,,"Hopewell Health Centers, Inc.",http://www.hopewellhealth.org,,,"(39.26192,-82.50171)",certapp@hopewellhealth.org,TRUE,TRUE,
59296,Certified Application Counselor (CAC),"Hopewell Health Centers, Inc.",7407972352,88 N Plains Rd Suite 1,The Plains,OH,45780,English,HHC,"Mon: 8:00 AM - 12:00 PM
Mon: 1:00 PM - 5:00 PM
Tue: 8:00 AM - 12:00 PM
Tue: 1:00 PM - 5:00 PM
Wed: 8:00 AM - 12:00 PM
Wed: 1:00 PM - 5:00 PM
Thu: 8:00 AM - 12:00 PM
Thu: 1:00 PM - 5:00 PM
Fri: 8:00 AM - 12:00 PM
Fri: 1:00 PM - 5:00 PM",,,,"Hopewell Health Centers, Inc.",http://www.hopewellhealth.org,,,"(39.37548,-82.13444)",certapp@hopewellhealth.org,TRUE,TRUE,
11664,Certified Application Counselor (CAC),Bee Busy Wellness Center,7137712292,8785 W BELLFORT AVE,Houston,TX,77031,"English, Spanish",BBWC,"Mon: 8:00 AM - 6:00 PM
Tue: 8:00 AM - 6:00 PM
Wed: 8:00 AM - 6:00 AM
Wed: 12:30 PM - 7:30 PM
Thu: 8:00 AM - 6:00 PM
Fri: 8:00 AM - 6:00 PM
Sat: 8:00 AM - 3:00 PM",,,,Bee Busy Wellness Center,http://www.mybbwc.org,,"Ex-offenders, HIV/AIDS, Homeless, LGBT, Low-income, Mental health, Seniors, Young adults/students, Unemployed, Substance abuse","(29.65593,-95.53075)",ceo@mybbwc.org,TRUE,TRUE,
28216,Certified Application Counselor (CAC),Community Action Corporation of South Texas,3613620307,301 S. Hillside Drive,Beeville,TX,78102,,CACOST,"Mon: 8:00 AM - 6:00 PM
Tue: 8:00 AM - 6:00 PM
Wed: 8:00 AM - 6:00 PM
Thu: 8:00 AM - 6:00 PM
Fri: 8:00 AM - 6:00 PM",,,,Beeville Health Center,http://www.cacost.org/,Extended Hours And Weekend Appointments Available.  By Appointment Only.,,"(28.40604,-97.73168)",zelina.zavala@cacost.org,TRUE,TRUE,
28217,Certified Application Counselor (CAC),Community Action Corporation of South Texas,3613644486,621 E. Sinton St.,Sinton,TX,78387,,CACOST,"Mon: 8:00 AM - 5:00 PM
Tue: 8:00 AM - 5:00 PM
Wed: 8:00 AM - 5:00 PM
Thu: 8:00 AM - 5:00 PM
Fri: 8:00 AM - 5:00 PM",,,,Sinton Health Center,http://www.cacost.org/,Extended Hours And Weekend Appointments Available.  By Appointment Only.,,"(28.03673,-97.50425)",zelina.zavala@cacost.org,TRUE,TRUE,
28218,Certified Application Counselor (CAC),Community Action Corporation of South Texas,3615474121,213 S. Duval Street,Mathis,TX,78368,Spanish,CACOST,Tue: 9:00 AM - 4:00 PM,,,,Mathis School Based Health Center,http://www.cacost.org/,Extended Hours And Weekend Appointments Available.  By Appointment Only.,,"(28.08978,-97.82753)",zelina.zavala@cacost.org,TRUE,TRUE,
28219,Certified Application Counselor (CAC),Community Action Corporation of South Texas,3615923237,415 S. 6Th Street,Kingsville,TX,78363,Spanish,CACOST,"Mon: 8:00 AM - 5:00 PM
Tue: 8:00 AM - 5:00 PM
Wed: 8:00 AM - 5:00 PM
Thu: 8:00 AM - 5:00 PM
Fri: 8:00 AM - 5:00 PM",,,,Kingsville Health Center,http://www.cacost.org/,Extended Hours And Weekend Appointments Available.  By Appointment Only.,,"(27.51272,-97.86767)",zelina.zavala@cacost.org,TRUE,TRUE,
973946,Certified Application Counselor (CAC),Community Action Corporation of South Texas,3616641417,700 N. Flournoy Rd,Alice,TX,78332,English,CACOST,"Mon: 8:00 AM - 5:00 PM
Tue: 8:00 AM - 5:00 PM
Wed: 8:00 AM - 5:00 PM
Thu: 8:00 AM - 5:00 PM
Fri: 8:00 AM - 5:00 PM",,,,Community Action Health Center,,Lunch: 12:00 - 1:00,,"(27.76485,-98.05435)",,TRUE,TRUE,
125145,Certified Application Counselor (CAC),"Project Health, Inc.",3527935900,1425 S Us Hwy 301,Sumterville,FL,33585,English,LHS,"Mon: 8:00 AM - 4:30 PM
Tue: 8:00 AM - 4:30 PM
Wed: 8:00 AM - 4:30 PM
Thu: 8:00 AM - 4:30 PM
Fri: 8:00 AM - 4:30 PM",,,,Langley Health Services,http://langleymedical.com/,Please call to confirm hours for application support,,"(28.73556,-82.06882)",community@telmedical.com,TRUE,TRUE,
10125,Certified Application Counselor (CAC),"Atascosa Health Center, Inc.",8305692527,540 Tenth St.,Floresville,TX,78114,"English, Spanish",WCHC,"Mon: 8:00 AM - 5:00 PM
Tue: 8:00 AM - 7:00 PM
Wed: 8:00 AM - 5:00 PM
Thu: 8:00 AM - 5:00 PM
Fri: 8:00 AM - 5:00 PM",,,,Wilson Community Health Center,http://www.atascosahealthcenter.com/,We are located next to Tractor Supply Suite 140.,,"(29.15448,-98.16586)",angarza.achc@tachc.org,TRUE,TRUE,
113794,Certified Application Counselor (CAC),"Mountain Projects, Inc",8284769194,25 Schulman Street,Sylva,NC,28779,"Interpretation services available for other languages, English","MPI, INC.","Mon: 8:30 AM - 5:30 PM
Tue: 8:30 AM - 5:30 PM
Wed: 8:30 AM - 5:30 PM
Thu: 8:30 AM - 5:30 PM",8006271548,8284522038,,"Mountain Projects, Inc.",http://www.mountainprojects.org,Susan  Rose is a Certified Application Counselor. Please call for phone or virtual appointments.,"Deaf/hearing impaired, Ex-offenders, HIV/AIDS, Homebound, Homeless, LGBT, Low-income, Substance abuse, Unemployed, Young adults/students, Mental health","(35.37321,-83.22583)",srose@mountainprojects.org,TRUE,TRUE,
869093,Certified Application Counselor (CAC),"Mountain Projects, Inc",8285507908,"Graham County LIbrary by Appointment
80 Knight St, Robbinsville, NC 28771",Robbinsville,NC,28771,"English, Interpretation services available for other languages","MPI, INC.","Mon: 8:00 AM - 3:00 PM
Tue: 8:00 AM - 3:00 PM
Wed: 8:00 AM - 3:00 PM
Thu: 8:00 AM - 3:00 PM
Fri: 8:00 AM - 3:00 PM",8006271548,8284522038,,"Mountain Projects, Inc",http://www.mountainprojects.org,"Call Linda Fitzsimmons, CAC at 828-550-7908 for a phone or digital appointment.","Homeless, Low-income, Unemployed, Young adults/students, Substance abuse, Mental health, LGBT, Ex-offenders, HIV/AIDS, Homebound, Deaf/hearing impaired",,lfitzsimmons@mountainprojects.org,TRUE,TRUE,
971417,Certified Application Counselor (CAC),"Mountain Projects, Inc",8284521447,2177 Asheville Rd,Waynesville,NC,28786,"English, Interpretation services available for other languages","MPI, INC.","Mon: 8:00 AM - 6:00 PM
Tue: 8:00 AM - 6:00 PM
Wed: 8:00 AM - 6:00 PM
Thu: 8:00 AM - 6:00 PM",8006271548,8284522038,,"Mountain Projects, Inc",http://www.mountainprojects.org,"9 years of experience.  We have moved to a new location effective May 2, 2018 and are located in the former Haywood County Health Department Building across from Lake Junaluska Elementary School.  Staff are Jan Plummer, Jane Harrison, Vicky Gribble","Deaf/hearing impaired, Ex-offenders, Homebound, HIV/AIDS, Homeless, LGBT, Low-income, Mental health, Seniors, Substance abuse, Unemployed, Young adults/students","(35.50569,-82.96466)",jplummer@mountainprojects.org,TRUE,TRUE,
10127,Certified Application Counselor (CAC),"Atascosa Health Center, Inc.",8307803100,757 S. Panna Maria,Karnes City,TX,78118,"English, Spanish, Interpretation services available for other languages, American Sign Language",KCHC,"Mon: 7:00 AM - 6:00 PM
Tue: 7:00 AM - 6:00 PM
Wed: 7:00 AM - 6:00 PM
Thu: 7:00 AM - 6:00 PM
Fri: 7:00 AM - 6:00 PM",,,,Karnes Community Health Center,http://www.atascosahealthcenter.org/karnes-community-health-center.html,We offer in person assistance every day 8AM to 5PM.,,"(28.87554,-97.89971)",nacandela.achc@tachc.org,TRUE,TRUE,
10128,Certified Application Counselor (CAC),"Atascosa Health Center, Inc.",8305692527,105 E. Thornton St.,Three Rivers,TX,78071,"English, Spanish, Interpretation services available for other languages, American Sign Language",LOCHC,"Mon: 8:00 AM - 5:00 PM
Tue: 8:00 AM - 5:00 PM
Wed: 8:00 AM - 5:00 PM
Thu: 8:00 AM - 5:00 PM
Fri: 8:00 AM - 5:00 PM",,,,Live Oak Community Health Center,www.atascosahealthcenter.org,We offer in person assistance every Thursday until 4:00 pm.,,"(28.47545,-98.17471)",angarza.achc@tachc.org,TRUE,TRUE,
113794,Certified Application Counselor (CAC),"Mountain Projects, Inc",8284769194,25 Schulman Street,Sylva,NC,28779,"Interpretation services available for other languages, English","MPI, INC.","Mon: 8:30 AM - 5:30 PM
Tue: 8:30 AM - 5:30 PM
Wed: 8:30 AM - 5:30 PM
Thu: 8:30 AM - 5:30 PM",8006271548,8284522038,,"Mountain Projects, Inc.",http://www.mountainprojects.org,Susan  Rose is a Certified Application Counselor. Please call for phone or virtual appointments.,"Deaf/hearing impaired, Ex-offenders, HIV/AIDS, Homebound, Homeless, LGBT, Low-income, Substance abuse, Unemployed, Young adults/students, Mental health","(35.37321,-83.22583)",srose@mountainprojects.org,TRUE,TRUE,
869093,Certified Application Counselor (CAC),"Mountain Projects, Inc",8285507908,"Graham County LIbrary by Appointment
80 Knight St, Robbinsville, NC 28771",Robbinsville,NC,28771,"English, Interpretation services available for other languages","MPI, INC.","Mon: 8:00 AM - 3:00 PM
Tue: 8:00 AM - 3:00 PM
Wed: 8:00 AM - 3:00 PM
Thu: 8:00 AM - 3:00 PM
Fri: 8:00 AM - 3:00 PM",8006271548,8284522038,,"Mountain Projects, Inc",http://www.mountainprojects.org,"Call Linda Fitzsimmons, CAC at 828-550-7908 for a phone or digital appointment.","Homeless, Low-income, Unemployed, Young adults/students, Substance abuse, Mental health, LGBT, Ex-offenders, HIV/AIDS, Homebound, Deaf/hearing impaired",,lfitzsimmons@mountainprojects.org,TRUE,TRUE,
971417,Certified Application Counselor (CAC),"Mountain Projects, Inc",8284521447,2177 Asheville Rd,Waynesville,NC,28786,"English, Interpretation services available for other languages","MPI, INC.","Mon: 8:00 AM - 6:00 PM
Tue: 8:00 AM - 6:00 PM
Wed: 8:00 AM - 6:00 PM
Thu: 8:00 AM - 6:00 PM",8006271548,8284522038,,"Mountain Projects, Inc",http://www.mountainprojects.org,"9 years of experience.  We have moved to a new location effective May 2, 2018 and are located in the former Haywood County Health Department Building across from Lake Junaluska Elementary School.  Staff are Jan Plummer, Jane Harrison, Vicky Gribble","Deaf/hearing impaired, Ex-offenders, Homebound, HIV/AIDS, Homeless, LGBT, Low-income, Mental health, Seniors, Substance abuse, Unemployed, Young adults/students","(35.50569,-82.96466)",jplummer@mountainprojects.org,TRUE,TRUE,
10127,Certified Application Counselor (CAC),"Atascosa Health Center, Inc.",8307803100,757 S. Panna Maria,Karnes City,TX,78118,"English, Spanish, Interpretation services available for other languages, American Sign Language",KCHC,"Mon: 7:00 AM - 6:00 PM
Tue: 7:00 AM - 6:00 PM
Wed: 7:00 AM - 6:00 PM
Thu: 7:00 AM - 6:00 PM
Fri: 7:00 AM - 6:00 PM",,,,Karnes Community Health Center,http://www.atascosahealthcenter.org/karnes-community-health-center.html,We offer in person assistance every day 8AM to 5PM.,,"(28.87554,-97.89971)",nacandela.achc@tachc.org,TRUE,TRUE,
10128,Certified Application Counselor (CAC),"Atascosa Health Center, Inc.",8305692527,105 E. Thornton St.,Three Rivers,TX,78071,"English, Spanish, Interpretation services available for other languages, American Sign Language",LOCHC,"Mon: 8:00 AM - 5:00 PM
Tue: 8:00 AM - 5:00 PM
Wed: 8:00 AM - 5:00 PM
Thu: 8:00 AM - 5:00 PM
Fri: 8:00 AM - 5:00 PM",,,,Live Oak Community Health Center,www.atascosahealthcenter.org,We offer in person assistance every Thursday until 4:00 pm.,,"(28.47545,-98.17471)",angarza.achc@tachc.org,TRUE,TRUE,
1144355,Certified Application Counselor (CAC),Southwest Utah Community Health Center dba Family Healthcare,4359862565,2276 E Riverside Dr,Saint George,UT,84790,"English, Portuguese, Spanish, Interpretation services available for other languages",FHC,"Mon: 8:00 AM - 8:00 PM
Tue: 8:00 AM - 8:00 PM
Wed: 8:00 AM - 8:00 PM
Thu: 8:00 AM - 8:00 PM
Fri: 8:00 AM - 8:00 PM
Sat: 7:00 AM - 12:00 PM",,,,Family Healthcare - Riverside Clinic,https://familyhc.org/,,,"(37.10954,-113.53265)",gricelda@familyhc.org,TRUE,TRUE,
144703,Certified Application Counselor (CAC),Southwest Utah Community Health Center dba Family Healthcare,4359862565,245 East 680 South,Cedar City,UT,84720,"English, Spanish, Interpretation services available for other languages",FHC,"Mon: 8:00 AM - 5:00 PM
Tue: 8:00 AM - 5:00 PM
Wed: 8:00 AM - 5:00 PM
Thu: 8:00 AM - 5:00 PM
Fri: 8:00 AM - 5:00 PM",,,,Family Healthcare - Cedar East Clinic,http://www.familyhc.org,,,"(37.6655,-113.05707)",gricelda@familyhc.org,TRUE,TRUE,
144704,Certified Application Counselor (CAC),Southwest Utah Community Health Center dba Family Healthcare,4359862565,74 West Harding Avenue,Cedar City,UT,84720,"English, Spanish, Interpretation services available for other languages",FHC,"Mon: 8:00 AM - 5:00 PM
Wed: 8:00 AM - 5:00 PM
Thu: 8:00 AM - 5:00 PM
Fri: 8:00 AM - 5:00 PM",,,,Family Healthcare - Harding Clinic,http://www.familyhc.org,,,"(37.67863,-113.06286)",gricelda@familyhc.org,TRUE,TRUE,
947527,Certified Application Counselor (CAC),Cabarrus Rowan Community Health Centers,7042162630,300 N Salisbury Avenue,Spencer,NC,28159,"English, Spanish",CRCHC,"Mon: 8:00 AM - 5:00 PM
Tue: 8:00 AM - 5:00 PM
Wed: 8:00 AM - 5:00 PM
Thu: 8:00 AM - 5:00 PM
Fri: 8:00 AM - 5:00 PM",,,,Northern Rowan Family Medicine,,,,"(35.69317,-80.42524)",avargas@crchc.org,TRUE,TRUE,
24331,Certified Application Counselor (CAC),Chippewa Health Access Coalition dba Community Health Access Coalition (CHAC),9066437253,1140 N. State Street,St. Ignace,MI,49781,"English, Interpretation services available for other languages",CHAC,Tue: 9:00 AM - 3:30 PM,,,,CHAC -Community Health Access Coalition (St. Ignace),,We are currently meeting with clients by appointment only.,,"(45.89107,-84.72757)",info@upchac.org,TRUE,TRUE,
24333,Certified Application Counselor (CAC),Chippewa Health Access Coalition dba Community Health Access Coalition (CHAC),9062938355,"505 Washington Blvd
P.O. Box 113",Newberry,MI,49868,"English, Interpretation services available for other languages",CHAC,Thu: 9:00 AM - 3:30 PM,,,,CHAC -Community Health Access Coalition (Newberry),,Currently meeting with clients by appointment only.,,"(46.3529,-85.51753)",info@upchac.org,TRUE,TRUE,
24333,Navigator (NAV),Chippewa Health Access Coalition dba Community Health Access Coalition (CHAC),9062938355,"505 Washington Blvd
P.O. Box 113",Newberry,MI,49868,"English, Interpretation services available for other languages",CHAC,Thu: 9:00 AM - 3:30 PM,,,,CHAC -Community Health Access Coalition (Newberry),,Currently meeting with clients by appointment only.,,"(46.3529,-85.51753)",info@upchac.org,TRUE,TRUE,
118329,Certified Application Counselor (CAC),North Country HealthCare,9282136100,"2650 E Show Low Lake Rd
Suite 1",Show Low,AZ,85901,English,NCHC,"Mon: 8:00 AM - 5:00 PM
Tue: 8:00 AM - 5:00 PM
Wed: 8:00 AM - 5:00 PM
Thu: 8:00 AM - 5:00 PM
Fri: 8:00 AM - 5:00 PM",,,,North Country Healthcare Show Low,http://www.northcountryhealthcare.org,,,"(34.20199,-110.01296)",healthbenefits@nchcaz.org,TRUE,TRUE,
118331,Certified Application Counselor (CAC),North Country HealthCare,9285229400,2920 N 4Th Street,Flagstaff,AZ,86004,"Spanish, English, Interpretation services available for other languages",NCHC,"Mon: 7:00 AM - 7:00 PM
Tue: 7:00 AM - 7:00 PM
Wed: 7:00 AM - 7:00 PM
Thu: 7:00 AM - 7:00 PM
Fri: 7:00 AM - 7:00 PM",,,,North Country Healthcare,,,"LGBT, Low-income, Mental health, Seniors, Young adults/students, HIV/AIDS","(35.21642,-111.61342)",healthbenefits@nchcaz.org,TRUE,TRUE,
118332,Certified Application Counselor (CAC),North Country HealthCare,9282136100,1 Clinic Road,Grand Canyon,AZ,86023,,NCHC,"Mon: 8:00 AM - 5:00 PM
Tue: 8:00 AM - 5:00 PM
Wed: 8:00 AM - 5:00 PM
Thu: 8:00 AM - 5:00 PM
Fri: 8:00 AM - 5:00 PM
Sat: 8:00 AM - 5:00 PM
Sun: 8:00 AM - 5:00 PM",,,,North Country Healthcare Grand Canyon,http://www.northcountryhealthcare.org,,,"(36.05442,-112.13862)",Healthbenefits@nchcaz.org,TRUE,TRUE,
118334,Certified Application Counselor (CAC),North Country HealthCare,9282136100,2920 N Fourth Street,Flagstaff,AZ,86004,,NCHC,"Mon: 7:00 AM - 7:00 PM
Tue: 7:00 AM - 7:00 PM
Wed: 7:00 AM - 7:00 PM
Thu: 7:00 AM - 7:00 PM
Fri: 7:00 AM - 7:00 PM",,,,North Country Healthcare Flagstaff,http://www.northcountryhealthcare.org,,,"(35.21642,-111.61342)",Healthbenefits@nchcaz.org,TRUE,TRUE,
118335,Certified Application Counselor (CAC),North Country HealthCare,9282136100,112 Park Avenue,Ash Fork,AZ,86320,,NCHC,"Mon: 8:00 AM - 5:00 PM
Wed: 8:00 AM - 5:00 PM",,,,North Country Healthcare Ash Fork,http://www.northcountryhealthcare.org,,,"(35.22468,-112.48632)",Healthbenefits@nchcaz.org,TRUE,TRUE,
118337,Certified Application Counselor (CAC),North Country HealthCare,9282136100,2090 N Smoketree Ave,Lake Havasu City,AZ,86403,,NCHC,"Mon: 7:00 AM - 6:00 PM
Tue: 7:00 AM - 6:00 PM
Wed: 7:00 AM - 6:00 PM
Thu: 7:00 AM - 6:00 PM
Fri: 7:00 AM - 6:00 PM",,,,North Country Healthcare Lake Havasu City,http://www.northcountryhealthcare.org,,,"(34.47999,-114.33005)",healthbenefits@nchcaz.org,TRUE,TRUE,
118338,Certified Application Counselor (CAC),North Country HealthCare,9282136100,301 S 7Th St,Williams,AZ,86046,English,NCHC,"Mon: 8:00 AM - 5:00 PM
Tue: 8:00 AM - 5:00 PM
Wed: 8:00 AM - 5:00 PM
Thu: 8:00 AM - 5:00 PM
Fri: 8:00 AM - 5:00 PM",,,,North Country Healthcare Williams,http://www.northcountryhealthcare.org,,"LGBT, Low-income, Mental health, HIV/AIDS, Substance abuse, Young adults/students","(35.24639,-112.19273)",healthbenefits@nchcaz.org,TRUE,TRUE,
118340,Certified Application Counselor (CAC),North Country HealthCare,9282136100,"2585 S Miracle Mile, Suite 116",Bullhead City,AZ,86442,"English, Spanish",NCHC,"Mon: 8:00 AM - 5:00 PM
Tue: 8:00 AM - 5:00 PM
Wed: 8:00 AM - 5:00 PM
Thu: 8:00 AM - 5:00 PM
Fri: 8:00 AM - 5:00 PM",,,,North Country Healthcare Bullhead City,http://www.northcountryhealthcare.org,,"LGBT, Low-income, Mental health, HIV/AIDS, Substance abuse, Young adults/students","(35.09268,-114.59647)",Healthbenefits@nchcaz.org,TRUE,TRUE,
938208,Certified Application Counselor (CAC),North Country HealthCare,9287531177,1510 Stockston Hill Rd,Kingman,AZ,86401,"English, Interpretation services available for other languages, Spanish",NCHC,"Mon: 7:00 AM - 6:00 PM
Tue: 7:00 AM - 6:00 PM
Wed: 7:00 AM - 6:00 PM
Thu: 7:00 AM - 6:00 PM
Fri: 7:00 AM - 6:00 PM",8006875798,,,"North Country HealthCare Kingman (Kingman, AZ)",www.NorthCountryHealthCare.org,,"HIV/AIDS, LGBT, Low-income, Mental health, Seniors, Young adults/students","(35.21842,-113.97064)",blewis@nchcaz.org,TRUE,TRUE,
938208,In-person Assister (IPA),North Country HealthCare,9287531177,1510 Stockston Hill Rd,Kingman,AZ,86401,"English, Interpretation services available for other languages, Spanish",NCHC,"Mon: 7:00 AM - 6:00 PM
Tue: 7:00 AM - 6:00 PM
Wed: 7:00 AM - 6:00 PM
Thu: 7:00 AM - 6:00 PM
Fri: 7:00 AM - 6:00 PM",8006875798,,,"North Country HealthCare Kingman (Kingman, AZ)",www.NorthCountryHealthCare.org,,"HIV/AIDS, LGBT, Low-income, Mental health, Seniors, Young adults/students","(35.21842,-113.97064)",blewis@nchcaz.org,TRUE,TRUE,
938209,Certified Application Counselor (CAC),North Country HealthCare,9284688610,708 Coeur D Alene Lane,Payson,AZ,85541,"English, Interpretation services available for other languages, Spanish",NCHC,"Mon: 8:00 AM - 5:00 PM
Tue: 8:00 AM - 5:00 PM
Wed: 8:00 AM - 5:00 PM
Thu: 8:00 AM - 5:00 PM
Fri: 8:00 AM - 5:00 PM",8006875798,,,"North Country HealthCare- Payson (Payson, AZ)",www.NorthCountryHealthCare.org,,"HIV/AIDS, Mental health, Low-income, LGBT, Seniors, Young adults/students","(34.23192,-111.32124)",blewis@nchcaz.org,TRUE,TRUE,
938209,In-person Assister (IPA),North Country HealthCare,9284688610,708 Coeur D Alene Lane,Payson,AZ,85541,"English, Interpretation services available for other languages, Spanish",NCHC,"Mon: 8:00 AM - 5:00 PM
Tue: 8:00 AM - 5:00 PM
Wed: 8:00 AM - 5:00 PM
Thu: 8:00 AM - 5:00 PM
Fri: 8:00 AM - 5:00 PM",8006875798,,,"North Country HealthCare- Payson (Payson, AZ)",www.NorthCountryHealthCare.org,,"HIV/AIDS, Mental health, Low-income, LGBT, Seniors, Young adults/students","(34.23192,-111.32124)",blewis@nchcaz.org,TRUE,TRUE,
938210,Certified Application Counselor (CAC),North Country HealthCare,9283330127,488 S Mountain Ave,Springerville,AZ,85938,"English, Interpretation services available for other languages, Spanish",NCHC,"Mon: 7:30 AM - 6:30 PM
Tue: 7:30 AM - 6:30 PM
Wed: 7:30 AM - 6:30 PM
Thu: 7:30 AM - 6:30 PM
Fri: 7:30 AM - 6:30 PM",8006875798,,,"North Country HealthCare- Springerville (Springerville, AZ)",www.NorthCountryHealthCare.org,,"HIV/AIDS, Homeless, LGBT, Low-income, Mental health, Seniors, Young adults/students","(34.12555,-109.29029)",blewis@nchcaz.org,TRUE,TRUE,
938210,In-person Assister (IPA),North Country HealthCare,9283330127,488 S Mountain Ave,Springerville,AZ,85938,"English, Interpretation services available for other languages, Spanish",NCHC,"Mon: 7:30 AM - 6:30 PM
Tue: 7:30 AM - 6:30 PM
Wed: 7:30 AM - 6:30 PM
Thu: 7:30 AM - 6:30 PM
Fri: 7:30 AM - 6:30 PM",8006875798,,,"North Country HealthCare- Springerville (Springerville, AZ)",www.NorthCountryHealthCare.org,,"HIV/AIDS, Homeless, LGBT, Low-income, Mental health, Seniors, Young adults/students","(34.12555,-109.29029)",blewis@nchcaz.org,TRUE,TRUE,
938237,Certified Application Counselor (CAC),North Country HealthCare,9282892000,620 W Lee Street,Winslow,AZ,86047,"English, Interpretation services available for other languages, Spanish",NCHC,"Mon: 8:00 AM - 5:30 PM
Tue: 8:00 AM - 5:30 PM
Wed: 8:00 AM - 5:30 PM
Thu: 8:00 AM - 5:30 PM
Fri: 8:00 AM - 5:30 PM",8006875798,,,"North CountryHealthCare Winslow (Winslow, AZ)",www.NorthCountryHealthCare.org,,"HIV/AIDS, Homeless, LGBT, Low-income, Mental health, Seniors, Young adults/students","(35.03648,-110.70122)",blewis@nchcaz.org,TRUE,TRUE,
938237,In-person Assister (IPA),North Country HealthCare,9282892000,620 W Lee Street,Winslow,AZ,86047,"English, Interpretation services available for other languages, Spanish",NCHC,"Mon: 8:00 AM - 5:30 PM
Tue: 8:00 AM - 5:30 PM
Wed: 8:00 AM - 5:30 PM
Thu: 8:00 AM - 5:30 PM
Fri: 8:00 AM - 5:30 PM",8006875798,,,"North CountryHealthCare Winslow (Winslow, AZ)",www.NorthCountryHealthCare.org,,"HIV/AIDS, Homeless, LGBT, Low-income, Mental health, Seniors, Young adults/students","(35.03648,-110.70122)",blewis@nchcaz.org,TRUE,TRUE,
938238,Certified Application Counselor (CAC),North Country HealthCare,9283373705,625 North 13th West,St Johns,AZ,85936,"English, Interpretation services available for other languages",NCHC,"Mon: 7:00 AM - 6:00 PM
Tue: 7:00 AM - 6:00 PM
Wed: 7:00 AM - 6:00 PM
Thu: 7:00 AM - 6:00 PM
Fri: 7:00 AM - 6:00 PM",8006875798,,,North Country HealthCare,,,,,blewis@nchcaz.org,TRUE,TRUE,
3333,Certified Application Counselor (CAC),All Care Health Center,7122566589,902 S 6th St,Council Bluffs,IA,51501,"English, Spanish",ACHC,"Mon: 8:00 AM - 5:00 PM
Tue: 8:00 AM - 5:00 PM
Wed: 8:00 AM - 5:00 PM
Thu: 8:00 AM - 5:00 PM
Fri: 8:00 AM - 5:00 PM
Sat: 8:00 PM - 11:30 PM",,,,All Care Health Center,http://www.allcarehealthcenter.org,,,"(41.25287,-95.85342)",khendershot@allcarehealthcenter.org,TRUE,TRUE,
59344,Navigator (NAV),Community HealthCare Association of the Dakotas,6056856868,109 Pugh St,Martin,SD,57551,"English, Interpretation services available for other languages",CHAD,"Mon: 8:00 AM - 8:00 PM
Tue: 8:00 AM - 8:00 PM
Wed: 8:00 AM - 8:00 PM
Thu: 8:00 AM - 6:00 PM
Fri: 8:00 AM - 6:00 PM",,,,Martin Community Health Center,http://www.getcoveredsouthdakota.org/,STATEWIDE ASSISTANCE IS AVAILABLE. Visit getcoveredsouthdakota.org to schedule an appointment.,"Deaf/hearing impaired, Ex-offenders, HIV/AIDS, Homebound, Homeless, LGBT, Low-income, Mental health, Seniors, Young adults/students, Unemployed, Substance abuse","(43.17447,-101.73264)",,TRUE,TRUE,
158329,Navigator (NAV),Community HealthCare Association of the Dakotas,6052600310,409 Summit St,Yankton,SD,57078,"English, Interpretation services available for other languages",CHAD,"Mon: 8:00 AM - 5:00 PM
Tue: 8:00 AM - 5:00 PM
Wed: 8:00 AM - 5:00 PM
Thu: 8:00 AM - 5:00 PM
Fri: 8:00 AM - 5:00 PM",,,,Yankton Community Health Center,http://www.getcoveredsouthdakota.org/,STATEWIDE ASSISTANCE IS AVAILABLE. Visit getcoveredsouthdakota.org to schedule an appointment.,"Deaf/hearing impaired, Ex-offenders, HIV/AIDS, Homebound, Homeless, LGBT, Low-income, Mental health, Seniors, Young adults/students, Unemployed, Substance abuse","(42.87082,-97.40538)",,TRUE,TRUE,
149807,Certified Application Counselor (CAC),Talbert House Health Center dba Centerpoint Health,5133181188,333 Conover Drive,Franklin,OH,45005,English,Centerpoint,"Mon: 8:30 AM - 5:30 PM
Tue: 8:30 AM - 7:00 PM
Wed: 8:30 AM - 5:30 PM
Thu: 8:30 AM - 7:00 PM
Fri: 8:30 AM - 12:30 PM",5139075139,5139075139,,Talbert House Health Center dba Centerpointh Health,http://centerpointhealth.org,,,"(39.55728,-84.27756)",erica.newberry@centerpointhealth.org,TRUE,TRUE,
147959,Certified Application Counselor (CAC),Stewart County Community Medical Center,9312325329,1021 Spring Street,Dover,TN,37058,English,SCCMC,"Mon: 7:30 AM - 4:30 PM
Tue: 7:30 AM - 6:30 PM
Wed: 7:30 AM - 4:30 PM
Thu: 7:30 AM - 4:30 PM
Fri: 7:30 AM - 4:30 PM",,,,Stewart County Community Medical Center,http://health.state.tn.us,,,"(36.47991,-87.82046)",kerrsti.wojtal@tn.gov,TRUE,TRUE,
143955,Certified Application Counselor (CAC),Siouxland Community Health Center,7122522477,1021 Nebraska St,Sioux City,IA,51105,"English, Spanish, Vietnamese, Interpretation services available for other languages",SCHC,"Mon: 8:00 AM - 8:00 PM
Tue: 8:00 AM - 8:00 PM
Wed: 8:00 AM - 8:00 PM
Thu: 8:00 AM - 8:00 PM
Fri: 8:00 AM - 5:00 PM",,,,Siouxland Community Health Center,,**5pm-8pm is available by appointment only**,,"(42.50095,-96.40363)",,TRUE,TRUE,
118533,Certified Application Counselor (CAC),Northwest Health Services,8162613738,"3715 Beck Road
Building D, Suite 401A",St. Joseph,MO,64506,"English, Portuguese, Spanish",NWHS,"Mon: 8:00 AM - 5:00 PM
Tue: 8:00 AM - 5:00 PM
Wed: 8:00 AM - 5:00 PM
Thu: 8:00 AM - 5:00 PM
Fri: 8:00 AM - 5:00 PM",,,,Family Medicine Associates,http://nwhealth-services.org,,,"(39.788,-94.80031)",genesisparrlugo@nwhealth-services.org,TRUE,TRUE,
118534,Certified Application Counselor (CAC),Northwest Health Services,8162449610,5001 Lake Avenue,St. Joseph,MO,645041170,,NWHS,"Mon: 8:00 AM - 5:00 PM
Tue: 8:00 AM - 5:00 PM
Wed: 8:00 AM - 5:00 PM
Thu: 8:00 AM - 5:00 PM
Fri: 8:00 AM - 5:00 PM",,,,South Side Health Center,http://nwhealth-services.org,,,"(39.72318,-94.86187)",tylergraff@nwhealth-services.org,TRUE,TRUE,
118535,Certified Application Counselor (CAC),Northwest Health Services,8162613738,2303 Village Dr,St. Joseph,MO,64507,"English, Portuguese, Spanish",NWHS,"Mon: 8:00 AM - 5:00 PM
Tue: 8:00 AM - 5:00 PM
Wed: 8:00 AM - 5:00 PM
Thu: 8:00 AM - 5:00 PM
Fri: 8:00 AM - 5:00 PM",,,,Northwest Health Services,http://nwhealth-services.org,,,"(39.78791,-94.79962)",genesisparralugo@nwhealth-services.org,TRUE,TRUE,
118536,Certified Application Counselor (CAC),Northwest Health Services,8162449610,1303 State Street,Mound City,MO,644701717,,NWHS,"Mon: 8:00 AM - 5:00 PM
Tue: 8:00 AM - 5:00 PM
Wed: 8:00 AM - 5:00 PM
Thu: 8:00 AM - 5:00 PM
Fri: 8:00 AM - 5:00 PM",,,,Mound City,http://nwhealth-services.org,,,"(40.13874,-95.23714)",tylergraff@nwhealth-services.org,TRUE,TRUE,
1032859,Certified Application Counselor (CAC),North Texas Area Community Health Centers Inc.,8176254254,2332 Beverly Hills Dr,Fort Worth,TX,76114,"English, Spanish",NTACHC,"Mon: 8:00 AM - 4:00 PM
Tue: 8:00 AM - 4:00 PM
Wed: 8:00 AM - 4:00 PM
Thu: 8:00 AM - 11:00 AM
Fri: 8:00 AM - 4:00 PM",,,,Northside Community Health Center,https://www.ntachc.org,,,"(32.79687,-97.39429)",mlmartinez@ntachc.org,TRUE,TRUE,
720509,Navigator (NAV),MHP Salud,9562464125,3102 E Business 83 Suite G,Weslaco,TX,78596,"Interpretation services available for other languages, Spanish",MHP Salud,"Mon: 9:00 AM - 5:00 PM
Tue: 9:00 AM - 5:00 PM
Wed: 9:00 AM - 8:00 PM
Thu: 9:00 AM - 5:00 PM
Fri: 9:00 AM - 5:00 PM",,,,MHP Salud,www.mhpsalud.org,,Low-income,"(26.14038,-97.98387)",navigator@mhpsalud.org,TRUE,TRUE,
866714,Navigator (NAV),Southwest Louisiana Area Health Education Center (SWLAHEC),8004352432,103 Independence Blvd,Lafayette,LA,70506,"English, Interpretation services available for other languages",SWLAHEC - NHL,"Mon: 8:30 AM - 5:00 PM
Tue: 8:30 AM - 5:00 PM
Wed: 8:30 AM - 5:00 PM
Thu: 8:30 AM - 5:00 PM
Fri: 8:30 AM - 5:00 PM",8004352432,,,Southwest Louisiana Area Health Education Center SERVING ALL PARISHES IN THE STATE OF LOUISIANA,https://www.swlahec.com,,"Deaf/hearing impaired, Ex-offenders, HIV/AIDS, Homebound, Homeless, LGBT, Low-income, Mental health, Seniors, Young adults/students, Unemployed, Substance abuse","(30.19792,-92.07218)",navigators@swlahec.com,TRUE,TRUE,
1057840,Navigator (NAV),Southwest Louisiana Area Health Education Center (SWLAHEC),8004352432,603 Pujo St,Lake Charles,LA,70605,"English, Interpretation services available for other languages",SWLAHEC - NHL,"Mon: 8:00 AM - 5:00 PM
Tue: 8:00 AM - 5:00 PM
Wed: 8:00 AM - 5:00 PM
Thu: 8:00 AM - 5:00 PM
Fri: 8:00 AM - 5:00 PM",8004352432,,,"Navigators for a Healthy Louisiana (Lake Charles) SERVING THE FOLLOWING PARISHES - Beauregard, Allen, Calcasieu, Jefferson Davis, Cameron",https://www.swlahec.com,,"Deaf/hearing impaired, Ex-offenders, HIV/AIDS, Homebound, Homeless, LGBT, Low-income, Mental health, Seniors, Young adults/students, Unemployed, Substance abuse","(30.22722,-93.2132)",navigators@swlahec.com,TRUE,TRUE,
125013,Navigator (NAV),University of South Florida,8775645031,101 S. Westmoreland Drive,Orlando,FL,32805,"Interpretation services available for other languages, English",PCAN,"Mon: 9:00 AM - 8:00 PM
Tue: 9:00 AM - 8:00 PM
Wed: 9:00 AM - 8:00 PM
Thu: 9:00 AM - 8:00 PM
Fri: 9:00 AM - 5:00 PM",,,,"Primary Care Access Network, Inc.",http://CoveringCFL.net,Extended and weekend hours are available upon request.,,"(28.54151,-81.39306)",cflnavigator@gmail.com,TRUE,TRUE,
59340,Navigator (NAV),Community HealthCare Association of the Dakotas,6058543455,401 Prairie Avenue Sw,De Smet,SD,57231,"English, Interpretation services available for other languages",CHAD,"Mon: 8:00 AM - 5:00 PM
Tue: 8:00 AM - 5:00 PM
Wed: 8:00 AM - 5:00 PM
Thu: 8:00 AM - 5:00 PM
Fri: 8:00 AM - 5:00 PM",,,,De Smet Community Health Center,http://www.getcoveredsouthdakota.org,STATEWIDE ASSISTANCE IS AVAILABLE. Visit www.getcoveredsouthdakota.org to schedule an appointment,,"(44.38513,-97.56185)",klongville@horizonhealthcare.org,TRUE,TRUE,
59341,Navigator (NAV),Community HealthCare Association of the Dakotas,6059427711,106 S Main Street,Plankinton,SD,57368,"English, Interpretation services available for other languages",CHAD,"Mon: 8:00 AM - 6:30 PM
Tue: 8:00 AM - 5:00 PM
Wed: 8:00 AM - 5:00 PM
Thu: 8:00 AM - 5:00 PM
Fri: 8:00 AM - 5:00 PM",,,,Aurora County Community Health Center,http://www.getcoveredsouthdakota.org,STATEWIDE ASSISTANCE IS AVAILABLE. Visit getcoveredsouthdakota.org to schedule an appointment.,,"(43.7144,-98.48516)",klongville@horizonhealthcare.org,TRUE,TRUE,
59342,Navigator (NAV),Community HealthCare Association of the Dakotas,6057724574,208 S Main Street,Howard,SD,57349,"English, Interpretation services available for other languages",CHAD,"Mon: 8:00 AM - 5:00 PM
Tue: 8:00 AM - 5:00 PM
Wed: 8:00 AM - 5:00 PM
Thu: 8:00 AM - 5:00 PM
Fri: 8:00 AM - 5:00 PM",,,,Howard Community Health Center,http://www.getcoveredsouthdakota.org/,STATEWIDE ASSISTANCE IS AVAILABLE. Visit getcoveredsouthdakota.org to schedule an appointment.,,"(44.00988,-97.52673)",klongville@horizonhealthcare.org,TRUE,TRUE,
158330,Navigator (NAV),Community HealthCare Association of the Dakotas,6059342122,104 W 2nd Street,Alcester,SD,57001,"English, Interpretation services available for other languages",CHAD,"Mon: 8:00 AM - 5:00 PM
Tue: 8:00 AM - 5:00 PM
Wed: 8:00 AM - 5:00 PM
Thu: 8:00 AM - 5:00 PM
Fri: 8:00 AM - 5:00 PM",,,,Alcester Community Health Center,http://www.getcoveredsouthdakota.org/,STATEWIDE ASSISTANCE IS AVAILABLE. Visit getcoveredsouthdakota.org to schedule an appointment.,,"(43.02152,-96.63174)",klongville@horizonhealthcare.org,TRUE,TRUE,
803304,Navigator (NAV),Community HealthCare Association of the Dakotas,6057253900,506 S Wilson Street,Aberdeen,SD,57401,"English, Interpretation services available for other languages",CHAD,"Mon: 8:00 AM - 5:00 PM
Tue: 8:00 AM - 5:00 PM
Wed: 8:00 AM - 5:00 PM
Thu: 8:00 AM - 5:00 PM
Fri: 8:00 AM - 5:00 PM",,,,Aberdeen Community Health Center,http://www.getcoveredsouthdakota.org/,STATEWIDE ASSISTANCE IS AVAILABLE. Visit getcoveredsouthdakota.org to schedule an appointment.,,"(45.45995,-98.46168)",klongville@horizonhealthcare.org,TRUE,TRUE,
803309,Navigator (NAV),Community HealthCare Association of the Dakotas,6052445206,105 W Main Street,Bison,SD,57620,"English, Interpretation services available for other languages",CHAD,"Mon: 8:00 AM - 5:00 PM
Tue: 8:00 AM - 5:00 PM
Wed: 8:00 AM - 5:00 PM
Thu: 8:00 AM - 5:00 PM
Fri: 8:00 AM - 5:00 PM",,,,Bison Community Clinic,http://www.getcoveredsouthdakota.org/,STATEWIDE ASSISTANCE IS AVAILABLE. Visit getcoveredsouthdakota.org to schedule an appointment.,,"(45.52232,-102.46606)",klongville@horizonhealthcare.org,TRUE,TRUE,
803319,Navigator (NAV),Community HealthCare Association of the Dakotas,6059672644,112 N 2nd Ave W,Faith,SD,57626,"English, Interpretation services available for other languages",CHAD,"Mon: 8:00 AM - 5:00 PM
Tue: 8:00 AM - 5:00 PM
Wed: 8:00 AM - 5:00 PM",,,,Faith Community Health Center,http://www.getcoveredsouthdakota.org/,STATEWIDE ASSISTANCE IS AVAILABLE. Visit getcoveredsouthdakota.org to schedule an appointment.,,"(45.02264,-102.04146)",klongville@horizonhealthcare.org,TRUE,TRUE,
803329,Navigator (NAV),Community HealthCare Association of the Dakotas,6055541015,1000 18th Street Suite 27,Huron,SD,57350,"English, Interpretation services available for other languages",CHAD,"Mon: 8:00 AM - 6:00 PM
Tue: 8:00 AM - 6:00 PM
Wed: 8:00 AM - 6:00 PM
Thu: 8:00 AM - 6:00 PM
Fri: 8:00 AM - 6:00 PM",,,,James Valley Community Health Center,http://www.getcoveredsouthdakota.org/,STATEWIDE ASSISTANCE IS AVAILABLE. Visit getcoveredsouthdakota.org to schedule an appointment.,,"(44.34534,-98.23112)",klongville@horizonhealthcare.org,TRUE,TRUE,
118665,Navigator (NAV),Oak Hill Regional Community Development Corp.,6622983584,"1775 Memphis Street
Suite B",Hernando,MS,38632,"Interpretation services available for other languages, English",OHMBC,"Mon: 9:00 AM - 5:00 PM
Tue: 9:00 AM - 5:00 PM
Wed: 9:00 AM - 7:00 PM
Thu: 9:00 AM - 7:00 PM
Fri: 9:00 AM - 5:00 PM
Sat: 10:00 AM - 1:00 PM",6622983584,9015429015,,Oak Hill Regional Community Development Corporation,http://www.getcoveredms.org,"Due to the COVID-19 pandemic, we are practicing social distancing and mask wearing. Also, you need to call to set an appointment. We are available other hours by appointment.","Low-income, Seniors","(34.83924,-89.99691)",info@getcoveredms.org,TRUE,TRUE,
1140359,Navigator (NAV),"South Plains Community Action Association, Inc.",8333142373,"1330 E 8th St
#301",Odessa,TX,79762,"English, Spanish, Interpretation services available for other languages",SPCAA,"Mon: 8:00 AM - 5:00 PM
Tue: 8:00 AM - 5:00 PM
Wed: 8:00 AM - 5:00 PM
Thu: 8:00 AM - 5:00 PM
Fri: 8:00 AM - 5:00 PM",8333142373,,,South Plains Community Action Association,https://www.spcaa.org/health-services-health-insurance,"Serving Counties: Bailey, Cochran, Crosby, Dickens, Floyd,  Garza, Hale, Hockley, King, Lamb, Lubbock, Lynn, Motley, Terry,  Yoakum, Gaines, Dawson, Borden, Andrews, Martin, Howard, Loving, Winkler, Ector, Midland, Glasscock, Ward, Crane, Upton, Reeves, Pecos and Terrell.  We are also available for evening and weekend hours per request. Please contact the toll free number","Deaf/hearing impaired, Ex-offenders, HIV/AIDS, Homebound, Homeless, LGBT, Low-income, Mental health, Seniors, Young adults/students, Unemployed, Substance abuse","(31.85823,-102.35732)",ccholewinski@spcaa.org,TRUE,TRUE,
1051846,Navigator (NAV),"South Plains Community Action Association, Inc.",8772981788,3210 Dyer Street,El Paso,TX,79930,"English, Spanish, Interpretation services available for other languages",SPCAA,"Mon: 8:30 AM - 8:00 PM
Tue: 8:30 AM - 8:00 PM
Wed: 8:30 AM - 8:00 PM
Thu: 8:30 AM - 8:00 PM
Fri: 8:30 AM - 8:00 PM",8772981788,,,Project Amistad,https://projectamistad.org/,"Serving Counties: Brewster, Culberson, El Paso, Hudspeth,  Jeff  Davis, Presidio ; will be open Saturday by appointment only","Deaf/hearing impaired, Ex-offenders, HIV/AIDS, Homebound, Homeless, LGBT, Low-income, Mental health, Seniors, Young adults/students, Unemployed, Substance abuse","(31.8054,-106.44462)",dgomez@projectamistad.org,TRUE,TRUE,
